Name,"CH INDUSTRIAL PRODUCTION INDEX VOLN","CH OUTPUT OF INDUSTRIAL PRODUCTS - CRUDE STEEL VOLN","CH OUTPUT OF INDUSTRIAL PRODUCTS - MOTOR VEHICLES VOLN","CH OUTPUT OF PRIMARY ENERGY - HYDRO-ELECTRIC POWER VOLN","CH INDUSTRIAL PRODUCTION: ELECTRICITY VOLN","CH CRUDE OIL PRODUCTION - CHINA VOLN","CH INVESTMENT: FIXED ASSETS - PRIMARY INDUSTRY(CMLV)(%YOY) NADJ","CH INVESTMENT: FXD.ASS. - SECONDARY INDUSTRY(CMLV) (%YOY) NADJ","CH INVESTMENT: FXD.ASS. - TERTIARY INDUSTRY (CMLV) (%YOY) NADJ","CH GOVERNMENT EXPENDITURE (BUDGETARY) CURN","CH GOVERNMENT REVENUE - TAXES CURN","CH EXPORTS CURN","CH IMPORTS CURN","CH CARGO HANDLED AT MAJOR SEAPORTS VOLN","CH EXTERNAL TRADE BALANCE CURN","CH FREIGHT TRAFFIC VOLN","CH RAILWAY CARGO TURNOVER VOLN","CH RETAIL SALES: CONSUMER GOODS (UNREVISED) CURN","CH CONSUMER CONFIDENCE INDEX NADJ","CH CONSUMER EXPECTATION INDEX NADJ","CH CONSUMER SATISFACTION INDEX NADJ","CH CPI (CPPY=100) NADJ","OPEC Oil Basket Price U$/Bbl","CH RPI - RURAL (CPPY=100) NADJ","CH RPI (CPPY=100) NADJ","CH RPI: URBAN (CPPY=100) NADJ","CH 20 DAY RELOAN RATE NADJ","CH DISCOUNT RATE (EP) NADJ","CH PRIME LENDING RATE (EP) NADJ","SHANGHAI SE COMPOSITE - PRICE INDEX","SHENZHEN SE COMPOSITE - PRICE INDEX","CH CHINESE YUAN TO 100 JAPANESE YEN - WEIGHTED AVERAGE CURN","CH CHINESE YUAN TO US DOLLAR (AVERAGE AMOUNT) NADJ","CH NOMINAL EFFECTIVE FX RATE(NEER)BASED ON CONSUMER PRICE INDEX","CH MONEY SUPPLY - CURRENCY IN CIRCULATION CURN","CH MONEY SUPPLY - M1 CURN","CH MONEY SUPPLY - M2 (METHODBREAK OCT2011) CURN","CH FINANCIAL INST. - DEPOSITS (RMB)(METHO BREAK IN 2011) CURN","CH FINANCIAL INST-FINANCIAL BONDS(RMB)(METHO BREAK IN 2011) CURN","CH GOLD AND FOREIGN RESERVES - GOLD VOLN","EX EU - IMPORTS FROM CHINA, (CIF) CURN","UK UNITED KINGDOM - IMPORTS FROM CHINA, (CIF) CURN","US UNITED STATES - IMPORTS FROM CHINA, (CIF) CURN","JP JAPAN - IMPORTS FROM CHINA, (CIF) CURN","JP JAPAN - EXPORTS TO CHINA CURN","UK UNITED KINGDOM - EXPORTS TO CHINA CURN","US UNITED STATES - EXPORTS TO CHINA CURN","EX EU - EXPORTS TO CHINA CURN","AU AUSTRALIA - EXPORTS TO CHINA CURN","CN CANADA - EXPORTS TO CHINA CURN"
1996/10/31,113.3,899.94,13.28,16.663,87.39,3165,27.9,20.2,18.3,667.77,654.06,152.19,113.09,67,39.1,233,1101.38,214.83,116.2,114.6,118.7,107,21.73,105,104.7,104.5,9,10.08,10.08,976.71,370.056,7.3773,8.2997,81.49,840.5,2679.82,7315.22,66449.13,2299.13,12.67,3614.431,354.396,6117.7,4224,1771,98.253,913,1930.796,239.991,210.422
1996/11/29,113.4,849.88,13.37,14.486,89.212,3190,31.9,20.1,19.2,780.06,579.58,136.21,116.22,67,19.99,222,1071.15,229.01,116.2,114.4,118.8,106.9,22.47,104.8,104.6,104.4,9,10.08,10.08,1032.95,419.636,7.3798,8.2992,81.22,870.5,2742.2,7414.2,67253.38,2334.6,12.67,3163.795,319.173,4824.3,3573,2310,135.008,1576.1,2280.221,219.249,200.886
1996/12/31,114,851.61,12.87,13.18,95.824,3115,27.5,13.9,23.5,1729.64,NA,183.26,200.32,72,-17.06,222,1093.69,284.86,115.9,113.5,119,107,23.94,104.6,104.4,104.2,9,10.08,10.08,917.018,327.456,7.2974,8.2988,81.94,880.2,2851.5,7609.49,68595.56,2484.24,12.67,2946.631,291.563,4170.1,3288,2922,120.766,1305.4,1987.004,274.728,127.296
1997/01/31,110.3,808.74,12.89,16.595,89.138,3210,NA,NA,NA,492.29,577.51,116.92,99.77,69,17.15,223,1082.96,228.85,110.6,115.7,113.3,105.9,22.36,103.6,103.3,103.1,9,10.08,10.08,964.742,356.602,7.0076,8.2956,83.23,1149.3,3057.3,7833.15,68341.25,2516.18,12.67,3538.791,316.853,4906.4,3617,1142,148.734,940.6,1146.084,178.566,163.94
1997/02/28,110.4,799.7,10.43,13.752,77.575,3240,151.4,12.2,19.9,363.22,409.54,98.47,77.29,59,21.18,201,916.19,221.35,109.9,111.5,112.6,105.6,18.5,103.3,102.9,102.7,9,10.08,10.08,1040.27,365.458,6.7347,8.2931,85.01,1008,2910.3,7868.07,70466.88,2547.67,12.67,3168.874,305.748,4460.1,2860,1399,87.376,905.7,1208.031,223.691,106.446
1997/03/31,113.5,926.06,16.18,12.808,93.183,3215,67.5,9.5,16.1,539.4,650.93,140.47,110.98,71,29.49,226,1121.96,213.09,109.4,107.9,112,104,18.11,102.1,101.7,101.5,9,10.08,10.08,1234.62,435.821,6.7499,8.2964,85.45,928.2,2905.8,7973.58,72275.5,2665.47,12.67,3010.21,252.825,3789.7,3314,1748,114.799,990.5,1277.459,261.501,195.502
1997/04/30,111.9,889.27,16.29,14.416,88.262,3230,83.6,11,16.3,636.2,707.25,147.95,112.21,70,35.74,223,1100.87,210.05,109.4,105.1,112.1,103.2,18.05,101.4,101.1,100.9,9,10.08,10.08,1393.75,465.194,6.6081,8.2957,86.03,927.7,2999.09,8067.9,73276.75,75.47,12.67,3249.702,303.617,4696.6,3702,1731,125.877,1000.6,1339.687,268.091,147.721
1997/05/30,111.9,902.45,15.37,18.499,93.713,3275,98.3,11.3,13.7,644.62,641.5,151.92,115.58,72,36.34,227,1128.97,210.82,110,102.8,113,102.8,18.94,100.8,100.8,100.8,9,10.08,10.08,1285.18,421.325,6.9636,8.2931,84.95,906.6,3027.51,8116.86,73853.75,75.09,12.67,3249.305,302.515,5074.8,3327,1846,153.524,1051,1465.184,268.223,94.066
1997/06/30,112.1,905.15,14.66,19.112,92.473,3220,85.6,5.1,11.2,836.87,764.58,153.73,112.2,66,41.53,223,1071.64,216.47,110.7,101.4,114.3,102.8,17.8,100.5,100.8,100.9,9,10.08,10.08,1250.27,425.867,7.275,8.2919,84.4,912.2,3107.47,8281.15,75425.69,39.1,12.67,3263.393,326.944,5500.1,3166,2040,98.322,923.4,1506.385,232.997,129.491
1997/07/31,108.4,923.88,12.14,19.816,96.412,3190,76.3,3.7,11.5,742.86,786.91,155.46,127.91,73,27.55,224,1046.74,210.25,111.3,100.7,115.5,102.7,18.49,100.2,100.6,100.9,9,10.08,10.08,1189.76,385.454,7.2021,8.2911,85.38,912.7,3110.03,8345.85,76133.19,34.98,12.67,3629.814,380.889,6094.8,3556,1976,101.58,1090.8,1565.36,278.963,115.765
1997/08/29,110.9,901.76,11.33,20.124,97.118,3190,73,4.8,11.8,649.2,549.9,160.27,110.7,69,49.57,221,1069.44,210.44,111.4,101.3,116,101.9,17.76,99.8,100.1,100.3,9,10.08,10.08,1221.06,373.293,7.0427,8.2894,86.83,932.7,3159.49,8474.59,77136,33.78,12.67,3338.716,335.817,6367.8,3598,1576,106.989,898,1349.263,226.637,116.077
1997/09/30,111.1,903.81,13.13,17.595,91.15,3195,59.9,6.7,11.9,707.99,589.5,165.63,114.8,73,50.83,222,1063.34,223.96,111.2,102.4,116.2,101.8,19.19,99.9,100,100.1,9,10.08,10.08,1097.38,330.814,6.8642,8.2869,87.26,942.6,3224.46,8589.24,78315.44,37.95,12.67,4293.155,388.045,6919.3,4070,1795,114.565,1066.9,1749.844,255.54,134.491
1997/10/31,111.8,950.26,13.96,17.236,91.018,3195,60.9,8.4,12.8,743.23,809.17,178.17,128.42,73,49.75,229,1107.5,234.8,110.7,104.7,116,101.5,19.26,99.5,99.6,99.6,8.55,8.64,8.64,1180.39,390.998,6.8338,8.2837,87.44,948.9,3242.16,8664.43,79134.19,33.41,12.67,4190.796,419.439,6946.6,4086,1945,152.643,1413.5,2081.296,234.319,116.301
1997/11/28,111.6,943.52,14.76,14.122,91.654,3158,56.5,8.9,13,868.37,651.82,167.52,120.97,72,46.55,223,1085.2,245.49,110.3,107.1,115.7,101.1,18.28,99.1,99.2,99.3,8.55,8.64,8.64,1139.63,366.886,6.634,8.2814,89.17,978.46,3290.92,8759.03,79907.25,36.31,12.67,3783.479,398.185,5706.2,3241,1829,143.754,1288.9,2316.332,242.966,108.662
1997/12/31,109.2,935.08,13.26,13.85,98.763,3090,40,6.5,13,2009.31,NA,191.9,190.78,78,1.12,224,1116.05,288.17,110.1,109.7,115.8,100.4,15.81,98.5,98.8,98.9,8.55,8.64,8.64,1194.1,381.292,6.3851,8.2796,93.45,1017.76,3482.63,9099.53,82392.75,29.89,12.67,3614.011,358.642,5369.3,3291,2666,160.065,1235.5,1961.873,254.355,126.147
1998/01/30,101.8,876.66,10.1,11.761,86.627,3240,NA,NA,NA,507.43,587.06,126.76,86.95,71,39.81,209,1025.76,254.95,112.1,110.7,114.1,100.3,14.7,98.4,98.5,98.6,8.55,8.64,8.64,1222.91,383.66,6.3667,8.2796,95.79,1310.84,3558.56,9221.14,80831.13,46.69,12.67,3893.612,374.825,5726.2,3563,1164,119.609,1211.7,1047.202,164.978,144.059
1998/02/27,109.5,842.12,11.21,10.432,81.935,3155,7.5,16.8,5.8,456.92,491.21,121.58,89.93,59,31.65,190,851.26,230.64,110.1,108.7,112.1,99.9,12.85,98.2,98.1,98.1,8.55,8.64,8.64,1206.53,374.406,6.5896,8.2791,94.17,1088.61,3339.5,9202.37,83087,47.53,12.67,3654.05,338.017,4775.7,2342,1492,101.986,1055.8,1234.367,181.515,162.554
1998/03/31,109,959.62,16.67,15.098,96.361,3170,9.6,7.3,12.6,602.15,688.39,153.77,118.02,71,35.75,214,1122.61,227.97,106.6,105.3,108.6,100.7,12.86,98.7,98.8,98.8,6.39,7.92,7.92,1243.02,378.843,6.4247,8.2792,93.77,1020.1,3311.07,9203.78,84175.31,55.44,12.67,3375.431,309.894,5056.9,3222,1927,116.099,1037.4,1680.578,209.808,155.107
1998/04/30,107.2,937.52,17.24,14.742,90.993,3140,14.7,9.5,14.2,679.11,778.74,159.52,116.86,70,42.66,212,1071.02,225.27,106.6,107,106.9,99.7,13.25,97.8,97.9,97.9,6.39,7.92,7.92,1343.45,413.271,6.2842,8.2792,93.68,1017.3,3336,9266.15,84445.81,55.32,12.67,3591.88,359.467,5536.7,3325,1797,124.282,986.3,1601.813,167.24,173.906
1998/05/29,108,971.6,16.77,17.994,91.782,3210,10.4,6.6,17.7,772.31,632.95,149.27,112.91,73,36.36,217,1057.38,226.52,105.4,104.8,106.5,99,13.37,97.3,97.3,97.3,6.39,7.92,7.92,1411.21,436.328,6.1189,8.279,94.17,998.44,3355.29,9393.61,86166.88,53.91,12.67,3436.843,401.466,5817.6,2606,1597,98.259,893.5,1462.54,221.106,155.997
1998/06/30,107.9,931.91,16.01,20.193,92.612,3260,16.1,6,19.7,990.87,856.42,156.09,118.56,74,37.53,207,932.19,232.6,103.6,102.4,105.5,98.7,11.7,97.4,97,96.8,6.39,7.92,7.92,1339.2,403.363,5.8962,8.2797,95.7,972.04,3377.57,9465.76,86895.06,55.22,12.67,3701.982,403.27,6357.2,2676,1652,141.044,1321.2,1776.468,188.682,180.992
1998/07/31,107.6,951.17,12.57,21.289,99.342,3200,18.4,5.3,23.4,804.38,818.13,161.57,119.64,73,41.93,203,924.88,228.61,101,99,103.7,98.6,12.62,97.3,96.8,96.5,5.22,6.93,6.93,1316.92,395.486,5.8872,8.2798,95.3,1003.74,3435.55,9631.39,88581.25,57.71,12.67,4102.947,442.875,6890.4,3048,1688,129.772,1116.7,1715.737,182.275,104.324
1998/08/31,107.9,955.89,11.02,20.666,100.607,3180,20.9,6.1,25.9,803.78,611.04,155.57,108.79,73,46.78,1001,958.4,231.46,103.1,103,103.8,98.6,11.84,97.2,96.7,96.5,5.22,6.93,6.93,1150.22,343.721,5.7237,8.2799,96.37,1012.91,3504.96,9729.87,89230.81,57.3,12.67,3807.569,401.087,7174.1,3007,1480,115.202,887.9,1659.074,179.528,69.442
1998/09/30,110.2,953.81,13.92,17.998,93.013,3216,29.8,5.9,30.3,976.56,734.4,154.76,115.43,73,39.33,1033,1022.57,244.31,103.4,105.1,102.3,98.5,14.21,97.1,96.7,96.5,5.22,6.93,6.93,1242.9,371.688,6.1457,8.279,95.11,1052.8,3650.14,9979.45,91881.31,56.93,12.67,4643.523,499.276,7524.8,3372,1645,108.074,1212.1,1698.573,199.601,134.288
1998/10/30,110.6,1015.05,17.23,16.904,94.105,3150,34,5.6,32.5,870.57,871.8,147.3,116.53,75,30.77,1100,1073.5,253.6,104.8,106.3,103.8,98.9,12.24,97.3,97.1,97,5.22,6.93,6.93,1217.32,371.377,6.9334,8.2793,91.76,1050.13,3678.67,10087.5,92948.31,56.52,12.67,4583.426,508.582,7822.9,3509,1862,142.061,1847.3,1649.028,172.324,149.809
1998/11/30,111,1003.69,17.04,13.479,95.497,3240,45.8,6.3,33.3,1045.29,824.47,151.28,123.46,78,27.82,1097,1073.5,265.22,103.8,105.4,102.7,98.8,9.91,97.5,97.2,97.1,5.22,6.93,6.93,1247.42,375.724,6.9085,8.2792,91.74,1067.1,3741.45,10222.9,94419.44,55.67,12.67,4058.109,465.713,6766.9,3222,1652,148.808,1336.9,1718.281,236.097,157.459
1998/12/31,111.5,1007.22,15.48,13.902,105.26,3215,47.8,3.4,29.8,2288.81,NA,200.01,176.79,81,23.23,1069,1145.07,313.14,104.8,107.1,103,99,10.46,97.5,97.3,97.3,4.59,6.39,6.39,1146.7,343.853,7.0551,8.2791,90.94,1120.4,3895.37,10449.9,95697.94,56.2,12.67,4111.612,400.811,5659.8,3188,2226,128.52,1351.2,2181.128,269.709,102.431
1999/01/29,117.9,982,13.84,10.993,110.143,3219,NA,NA,NA,553.6,822.36,113.93,99.03,81,14.89,1099,1097.07,266.21,105.9,107.4,103.8,98.8,11.05,97.4,97.2,97.1,4.59,6.39,6.39,1134.67,340.689,7.3207,8.279,90.26,1199.7,3901.08,10550,95970.19,43.56,12.67,3997.177,417.324,5991.8,3255,1537,102.399,778.7,1335.01,208.995,67.162
1999/02/26,102.1,903.62,11.59,8.596,81.405,3224,102,2.9,44,529.76,559.74,110,87.22,68,22.78,952,904.24,253.84,106.2,107.8,103.6,98.7,10.17,97.3,97.2,97.1,4.59,6.39,6.39,1090.09,324.215,7.139,8.278,91.67,1278.4,3874.92,10777.8,97229.13,42.75,12.67,3870.166,377.448,5898.6,3006,1502,177.44,945.1,1557.996,245,124.321
1999/03/31,109,1018.78,17.65,10.615,99.012,3204,122.1,2.3,34.1,756.88,849.66,148.78,143.78,77,5,976,1042.65,240.31,105.7,107.5,103,98.2,14.47,96.9,96.8,96.7,4.59,6.39,6.39,1158.05,348.244,6.931,8.2787,93.14,1134.2,3805.36,10843.8,99438.13,43.7,12.67,4112.282,361.498,5543.1,2941,2094,178.442,1068.3,2031.321,179.355,131.472
1999/04/30,109.1,1000.09,18.79,12.499,93.985,3179,85.5,-2.3,30.2,794.83,943.12,148.04,138.37,78,9.67,996,1053.32,235.68,105.8,107.7,103.1,97.8,16.4,96.7,96.5,96.4,4.59,6.39,6.39,1120.93,336.299,6.9255,8.2792,93.22,1122.5,3805.27,10921.8,100214.8,42.62,12.67,3399.012,329.168,6197.9,3696,1969,147.138,1044.6,1702.972,189.381,96.853
1999/05/31,108.9,1020.93,17.37,18.342,96.917,3179,81.6,-2.6,28.9,890.57,804.7,155.32,136.57,88,18.75,1069,1087.52,236.4,106.6,107.9,104.5,97.8,14.67,96.6,96.5,96.4,4.59,6.39,6.39,1279.33,370.861,6.7886,8.2785,93.53,1088.9,3800.39,11006.1,101473.5,43.4,12.67,3893.457,413.651,6768.7,3031,1608,132.023,1092.9,1729.507,254.829,111.529
1999/06/30,109.1,1009.52,15.5,20.525,97.725,3179,76.8,-2.4,24.3,1118.89,1049.52,153.98,145.23,85,8.75,1073,1012.72,242.88,107.6,108.4,106.3,97.9,16.84,96.5,96.6,96.6,3.24,5.85,5.85,1689.43,507.166,6.845,8.278,93.61,1088.1,3882.18,11136.4,102761.6,43.19,12.67,4046.827,461.802,6348.7,3111,1929,209.666,1282.7,1872.979,158.925,131.464
1999/07/30,109.3,1023.91,13,23.92,107.123,3250,73.6,-1.6,19.4,957.63,980.34,173.39,139.21,87,34.17,1018,996.98,238.03,106.5,107.4,105.3,98.6,18.58,97.2,97.4,97.5,3.24,5.85,5.85,1601.46,473.192,6.9294,8.2777,93.6,1119.9,3899.07,11141.4,102898.4,41.63,12.67,4330.012,514.81,7956.7,3414,2009,156.804,1079.9,2078.613,192.149,105.036
1999/08/31,109.5,1046.86,14.08,22.132,107.248,3159,67.8,-2.9,16.4,839.96,699.56,183.25,134.46,89,48.79,1045,1036.22,241.09,108.3,108.9,107.2,98.7,20.57,97.3,97.4,97.5,3.24,5.85,5.85,1627.116,474.381,7.3104,8.2773,92.06,1139.5,4009.51,11282.7,103773.4,40.99,12.67,4491.786,515.536,8641.1,3869,1857,157.332,1147.7,1585.599,231.954,89.13
1999/09/30,108.2,1060.64,17.58,20.676,100.364,3134,53.2,-4.3,13.7,1275.63,792.73,185.76,152.68,88,33.08,1004,1058.05,260.43,108.4,109.4,106.7,99.2,22.73,97.1,97.2,97.2,3.24,5.85,5.85,1570.702,464.742,7.7571,8.2774,91.18,1225.5,4191.4,11507.9,105523.9,42.43,12.67,5264.375,613.787,8873.1,4104,2162,149.27,1312.5,1673.445,252.552,130.789
1999/10/29,107,1089.15,17.76,18.097,99.453,3166,43.8,-3.6,11.6,1035.71,929.32,182.32,137.93,88,44.39,1027,1099.15,274.39,108.3,109.6,106.3,99.4,21.07,97.5,97.4,97.4,3.24,5.85,5.85,1504.563,442.065,7.8032,8.2782,90.51,1215.4,4226.51,11539,105898.8,41.66,12.67,5067.983,594.857,8881.5,4093,2075,168.849,1070.9,1686.833,231.831,177.533
1999/11/30,107.6,1085.53,17.67,17.112,100.301,3234,33.2,-4.2,12.1,1118.33,860.7,194.77,169.09,91,25.68,1021,1064.72,285.91,108.6,109.3,107.5,99.1,23.71,97.3,97.2,97.1,3.24,5.85,5.85,1434.973,423.936,7.9069,8.2782,90.77,1248.3,4337.02,11655.9,107311.5,43.36,12.67,4848.525,590.421,8153.6,4365,2116,207.341,1040.8,1855.825,231.436,247.445
1999/12/31,107.4,1123.27,17.89,15.565,110.379,3214,22.9,-1.5,10,3315.88,NA,202.39,174.22,94,28.16,1035,1110.93,338.3,109.9,109.8,110,99,23.89,97.2,97,96.9,3.24,5.85,5.85,1366.58,402.183,8.0794,8.2783,90.48,1345.55,4583.73,11989.79,108778.9,39.5,12.67,4578.561,524.525,7225.8,4183,2592,178.51,1079.5,1861.317,253.164,260.529
2000/01/31,108.9,1003.6,14.14,11.024,105.232,3250,NA,NA,NA,776.57,1014.37,167.97,152.58,86,15.39,1007,1053.13,296.29,109.7,109.7,109.7,99.8,25.75,97.8,97.9,97.9,3.24,5.85,5.85,1534.997,469.649,7.869,8.2793,90.68,1609.39,4657.01,12122.04,107778.8,38.9,12.67,5226.399,1020.015,7428.8,3995,1475,167.28,873.1,1437.585,246.059,194.105
2000/02/29,112,973.46,11.93,12.198,95.743,3280,18.2,7.7,8.6,718.16,714.63,147.75,134.29,83,13.47,924,939.52,280.49,110,110,109.9,100.7,27.93,98.6,98.6,98.6,3.24,5.85,5.85,1714.578,524.637,7.5286,8.2779,92.19,1398.3,4467.92,12158.34,109962.7,38.5,12.67,5186.57,933.885,7100.8,3379,2016,155.264,972.9,1570.468,316.783,189.439
2000/03/31,111.9,1009.28,20.89,15.041,104.393,3280,5,5.1,10.7,878.69,1017.88,201.46,178.14,98,23.33,1016,1149.26,262.66,110.4,110.2,110.3,99.8,24.46,97.8,97.9,97.9,3.24,5.85,5.85,1800.225,560.985,7.7729,8.2786,92.02,1323.54,4515.85,12260.68,112320.22,37.22,12.67,4979.54,800.305,5543.1,4732,2653,164.786,1068.3,1972.69,242.204,223.628
2000/04/28,111.4,1019.32,21.89,17.567,103.721,3300,13.8,8.2,9.6,1087.35,1136.52,205,183.61,102,21.4,1057,1128.07,257.15,110.6,110.7,110.2,99.7,23.46,97.5,97.6,97.6,3.24,5.85,5.85,1836.321,566.753,7.8401,8.2793,92.07,1367.55,4631.9,12412.19,113386.35,35.92,12.67,4546.99,897.432,7603.1,4728,2325,145.204,1217.9,1608.627,268.876,168.067
2000/05/31,111.5,1069.41,19.98,19.886,109.776,3250,14.6,9.1,9.4,1022.15,892.04,201.05,169.66,105,31.39,1050,1169.26,263.69,111.1,111.2,110.8,100.1,27.6,98,98.1,98.1,3.24,5.85,5.85,1894.554,584.213,7.6529,8.2777,93.77,1307.55,4649.02,12405.33,114679.66,35.9,12.67,5823.316,949.973,8446,4100,2306,150.317,1523.6,2044.62,268.04,206.389
2000/06/30,112.2,1044.95,19.05,21.867,109.813,3295,14,11.4,12.4,1352.41,1137.55,221.93,203.01,108,18.92,1087,1122.16,264.52,111.2,111.2,111.1,100.5,30.13,98.5,98.6,98.7,3.24,5.85,5.85,1928.106,602.062,7.8034,8.2772,92.57,1300.6,4802.44,12660.53,117443.25,36.91,12.67,5563.569,1059.992,9199.1,4306,2731,218.498,1343.3,2013.845,328.953,264.053
2000/07/31,112.8,1062.94,16.13,22.153,119.372,3280,15.6,10.1,13.8,1048.45,1155.86,214.79,194.92,106,19.87,1072,1116.03,259.69,111.4,111.3,111.4,100.5,25.17,98.7,98.8,98.9,3.24,5.85,5.85,2023.539,624.895,7.6618,8.2793,93.05,1315.65,4780.31,12632.39,117155.09,35.36,12.67,5492.986,1087.813,9942.5,4278,2661,181.174,1613.6,1927.934,414.556,199.948
2000/08/31,112.8,1058.85,17.28,22.955,117.41,3205,13.7,10.1,14,1287.72,990.45,233.29,207.88,110,25.41,1075,1132.35,263.63,111.8,111.6,111.9,100.3,31.71,98.8,98.7,98.7,3.24,5.85,5.85,2021.199,617.417,7.6612,8.2796,93.8,1337.87,4888.54,12779.03,118127.02,35.07,12.67,5964.181,1130.179,10804.3,4989,2641,287.657,1446.3,2148.681,272.493,135.907
2000/09/29,112,1042.55,20.25,21.046,107.88,3220,14.7,9.8,14.4,1278.31,1018.38,229.73,207.15,105,22.58,1102,1132.35,285.43,112.4,112.4,112.1,100,28.46,98.6,98.5,98.5,3.24,5.85,5.85,1910.161,590.373,7.7482,8.2786,94.47,1389.47,5061.69,13047.38,120048.33,33.59,12.67,6440.71,1192.111,10819.1,5106,2808,159.503,1350.7,1925.163,292.302,214.644
2000/10/31,111.4,1081.85,17.8,21.905,108.965,3210,14.7,9,14.4,1080.86,1182.07,228,189.16,108,38.84,1144,1149.92,302.93,112.5,112.6,112.4,100,30.34,98.4,98.3,98.3,3.24,5.85,5.85,1961.287,605.015,7.6376,8.2786,95.5,1358.95,4995.28,12952.24,119955.19,32.39,12.67,6902.843,1355.161,11347.4,5413,2838,210.862,1500.3,2236.64,328.125,238.608
2000/11/30,110.6,1105.74,19.33,18.361,111.436,3206,13.8,10.5,12.2,1375.58,1032.32,221.55,216.41,107,5.14,1071,1108.94,310.78,112.7,113,112.2,101.3,30.39,99.5,99.4,99.4,3.24,5.85,5.85,2070.613,639.223,7.5795,8.2774,95.98,1387.77,5078.75,13099.41,121868.23,31.56,12.67,6549.311,1325.552,9761.7,5219,2726,179.034,1466,2286.161,336.903,235.386
2000/12/29,110.4,1159.64,19.82,16.085,119.4,3212,8,9,10.1,3980.25,NA,219.86,214.14,107,5.72,1073,1170.93,368,112.9,113.2,112.7,101.5,21.75,99.7,99.6,99.5,3.24,5.85,5.85,2073.477,635.731,7.3478,8.2772,96.05,1465.27,5314.72,13461.03,123804.35,30.19,12.67,5829.653,1140.805,8218.8,4911,3176,177.507,1587.7,2520.722,287.052,172.711
2001/01/31,102.3,1110.33,14.63,13.708,103.698,3220,NA,NA,NA,827.28,1298.76,169.26,155.45,99,13.81,1024,1089,333.28,113.2,113.5,112.8,101.2,24.66,99.8,99.5,99.3,3.24,5.85,5.85,2065.606,626.175,7.0587,8.2771,96.39,1701.9,5440.62,13754.36,124987.67,28.41,12.67,6835.903,1206.43,9041.5,5008,1976,191.03,1188.2,1983.091,218.156,160.257
2001/02/28,119,1027.57,18.73,13.905,105.45,3330,-3.2,9.3,24.3,950.83,992.43,191.99,182.26,96,9.73,1004,1015.38,304.71,112.9,113.2,112.6,100,23.81,98.6,98.3,98.1,3.24,5.85,5.85,1959.18,585.414,7.1229,8.277,96.48,1491.04,5199.77,13621.02,125502.38,29.9,12.67,5781.695,986.677,6872.6,3633,2584,177.854,1313,1861.513,301.501,140.165
2001/03/30,112.1,1137.58,26.55,15.754,117.078,3376,-0.3,8.8,19.5,1054.87,1243.04,231.39,207.73,117,23.66,1075,1242.18,287.61,113.2,113.4,113.1,100.8,22.79,99.4,99.1,99,3.24,5.85,5.85,2112.775,642.118,6.8178,8.2776,98.16,1436.21,5303.34,13874.45,128899.71,28.48,12.67,5539.117,935.354,8165,5212,2984,173.704,1855.1,2358.592,340.484,230.322
2001/04/30,111.5,1103.95,24.93,17.899,111.668,3302,-8.8,8.8,22.2,1181.3,1478.78,227.92,218.59,118,9.33,1104,1207.4,282.09,113.8,113.4,114.1,101.6,25.9,100.3,100.1,100,3.24,5.85,5.85,2119.184,636.317,6.6951,8.2771,99.36,1462.3,5326.13,13994.99,130930.13,28.16,12.67,5611.808,995.614,8246.9,5054,2581,166.506,1384.5,2263.01,368.957,281.523
2001/05/31,110.2,1145.35,20.84,21.427,117.787,3310,-11.4,10.7,23.3,1309.95,1157.54,208.14,188.09,118,20.05,1127,1238.52,292.96,113.4,112.8,114.1,101.7,26.56,100.5,100.1,99.9,3.24,5.85,5.85,2214.257,659.362,6.7939,8.2772,99.2,1394.23,5254.3,13901.58,130420.46,28.5,12.67,5874.915,1043.445,8316.6,4711,2660,257.442,1614.6,2394.728,291.312,268.731
2001/06/29,110.1,1168.67,20.82,24.13,119.221,3312,-11.6,11.5,24.3,1720.42,1303.59,220.81,212.52,118,8.29,1171,1176.71,290.87,113.6,113,114.5,101.4,24.44,100.3,99.9,99.6,3.24,5.85,5.85,2218.029,658.272,6.7954,8.2771,99.86,1394.34,5518.74,14780.97,135189.54,24.87,12.67,5635.776,1048.267,8975.1,4287,2663,239.653,1791.1,2119.04,355.711,266.084
2001/07/31,108.1,1193.39,16.78,24.483,131.067,3262,-10.2,12,23.8,1363.81,1371.39,228.88,209.56,119,19.32,1091,1180.8,285.14,114.5,113.7,115.6,101.5,23.48,100.2,99.8,99.5,3.24,5.85,5.85,1920.318,566.505,6.6508,8.2771,100.32,1407.16,5350.28,14922.87,133699.41,24.63,12.67,5868.49,1107.172,9577.6,4615,2520,253.982,1491.2,2477.484,385.727,200.557
2001/08/31,108.1,1188.7,18.78,24.369,126.884,3303,-8,12.8,23.8,1467.23,1163.74,235.4,221.62,124,13.79,1099,1206.95,288.94,113.8,112.8,115,101,24.69,99.5,98.8,98.4,3.24,5.85,5.85,1834.138,548.478,6.835,8.277,98.63,1437.01,5580.89,14994.18,137138.4,24.5,12.67,6386.609,1265.351,10679.8,5028,2548,186.966,1915.7,2535.778,317.258,170.627
2001/09/28,109.5,1189.61,23.92,21.501,118.85,3288,-6.3,13.5,22,1603.94,1203.75,239.89,218.51,119,21.39,1127,1190.01,313.69,113.5,112.7,114.6,99.9,20.99,99.4,98.7,98.3,3.24,5.85,5.85,1764.867,512.968,6.9934,8.2768,98.04,1506.46,5682.31,15182.02,139115.23,24.73,12.67,6408.473,1300.384,10610.3,4859,2486,239.93,1444.8,2091.999,318.203,139.824
2001/10/31,108.8,1266.79,20.34,20.421,118.04,3313,-5.5,13,21,1223.45,1422.53,227.91,189.02,121,38.89,1178,1226.57,334.73,113.4,112.4,114.6,100.2,18.63,99.6,99.2,98.9,3.24,5.85,5.85,1689.17,486.86,6.7982,8.2768,98.73,1448.46,5611.49,15149.73,140065.9,24.63,12.67,7058.307,1476.175,11514.2,5416,2689,171.006,1645.1,2583.042,355.206,231.702
2001/11/30,107.9,1287.19,21.12,20.01,120.195,3316,-5.3,11.4,20.1,1801.41,1218.89,240,208.45,122,31.55,1182,1202.37,342.17,113.1,112,114.5,99.7,17.45,98.7,98.3,98.1,3.24,5.85,5.85,1747.993,507.013,6.7577,8.2769,99.19,1478.01,5657.96,15408.83,140286.55,16.33,12.67,7059.97,1405.036,9486.1,5386,2543,209.614,1671.9,2379.172,323.811,334.958
2001/12/31,108.7,1435.07,20.25,17.794,131.311,3272,-2,7.8,17.6,4398.09,NA,245.03,223.9,123,21.12,1521,1239.49,403.33,113.3,112.2,114.6,99.7,18.58,98.6,98.2,98,3.24,5.85,5.85,1645.971,475.943,6.4605,8.277,100.07,1568.88,5987.16,15830.19,143617.17,51.38,16.08,5543.79,1139.345,7905.9,4569,2714,182.012,1919.7,2374.428,327.813,225.113
2002/01/31,118.6,1367.76,20.96,14.122,131.673,3365,NA,NA,NA,1040.57,1443.63,217.03,189.7,122,27.33,1123,1265.79,359.61,113.1,111.9,114.7,99,18.35,98.4,98,97.8,3.24,5.85,5.85,1491.665,419.937,6.2342,8.2767,101.45,1672.59,6057.61,15963.93,143388.45,45.98,16.08,6708.495,1218.801,8975.4,4530,2193,164.487,1566.1,2114.083,265.934,178.596
2002/02/28,102.7,1308.88,17.9,12.945,101.041,3330,35.6,16.5,27.7,1124.2,933.03,191.37,159.18,111,32.19,1024,1062.86,332.44,113.3,112.3,114.6,100,20.03,99.3,98.9,98.7,2.7,5.31,5.31,1524.701,434.266,6.1867,8.2766,101.92,1664.16,5870.29,16093.56,144349.17,45.98,16.08,5957.108,1045.497,8552.1,4079,2308,369.142,1529.1,2198.565,275.591,147.608
2002/03/29,110.9,1457.4,30.36,14.958,124.097,3350,11.7,24.9,27.4,1346.58,1246.21,238.18,224.84,132,13.34,1130,1271.65,311.48,113.4,112,115.1,99.2,24.36,98.8,98.2,97.9,2.7,5.31,5.31,1603.905,466.544,6.304,8.277,101.34,1554.46,5947.48,16406.46,147209.94,45.78,16.08,5786.508,1016.755,7736.2,4725,3170,123.996,1613.6,2342.986,387.133,210.053
2002/04/30,112.1,1432.33,34.49,17.989,124.965,3333,21.7,28.5,26.7,1488.05,1676.13,267.24,257.52,136,9.72,1163,1267.03,305.22,113.3,111.7,115.1,98.7,25.78,98.3,97.9,97.6,2.7,5.31,5.31,1667.749,485.282,6.3059,8.2772,100.99,1586.42,6046.13,16457.06,150603.98,45.78,16.08,6215.36,1205.41,9713,5268,3010,150.901,1540.9,2514.03,362.681,193.515
2002/05/31,112.9,1512.17,33.56,23.124,128.372,3365,31,25.2,25.8,1334.99,1366.86,246.44,224.33,138,22.11,1200,1301.8,320.21,113.3,112.1,115.2,98.9,23.45,98.6,98.2,98,2.7,5.31,5.31,1515.733,447.564,6.5846,8.2769,99.02,1524.31,6124.69,16602.3,153258.07,45.72,16.08,6519.596,1266.649,10486.6,4927,3237,191.161,1768,2566.701,400.866,211.033
2002/06/28,112.4,1485.85,27.55,25.917,135.476,3415,25.6,25.3,23.8,1962.97,1416.58,260.13,230.94,137,29.19,1163,1218.78,315.88,113.5,112.2,115.6,99.2,24.82,99.5,99.2,99.1,2.7,5.31,5.31,1732.755,506.996,6.7223,8.277,97.32,1509.74,6314.4,16960.12,157645.11,44.6,16.08,6223.381,1171.775,11410.4,4488,3414,159.24,2198.8,2866.156,343.386,259.761
2002/07/31,112.8,1518.98,24.73,26.873,145.804,3395,26.6,26,23.2,1682.22,1618.11,292.1,269.88,140,22.22,1156,1257.06,309.66,113.5,112.1,115.6,99.1,25.28,99.2,98.9,98.8,2.7,5.31,5.31,1651.594,486.658,7.0139,8.2768,95.22,1535.77,6348.78,17085.11,158780.22,45.73,16.08,7448.198,1400.589,11931.2,5395,3874,205.354,1867.3,3219.859,380.357,194.601
2002/08/30,112.7,1539.44,25.6,27.903,145.599,3490,30.5,25.7,23.2,1607.45,1253.84,294.37,272.05,143,22.33,1177,1259.91,314.37,113.5,111.9,115.7,99.3,26.72,99.3,98.9,98.7,2.7,5.31,5.31,1666.618,491.014,6.9608,8.2767,95.95,1571.26,6486.88,17325.09,161671.05,45.78,16.08,7283.016,1360.332,13479,5292,3612,158.044,1825.8,2795.158,379.308,247.566
2002/09/30,113.8,1522.14,32.54,23.728,142.655,3430,32.9,25.4,23.4,1910.52,1396.48,319.11,297.94,142,21.17,1180,1241.51,342.24,113.5,112,115.8,99.3,28.34,99.3,99,98.8,2.7,5.31,5.31,1581.618,462.65,6.8453,8.277,96.34,1623.36,6679.98,17698.52,165674.85,45.45,16.08,8085.964,1475.701,13091.5,5496,3435,142.156,2029.8,2932.206,389.915,189.449
2002/10/31,114.2,1566.39,31.86,22.096,138.519,3447,35.5,26,22.7,1513.86,1728.57,299.46,251.97,144,47.49,1210,1297.83,366.19,113.6,112.2,115.8,99.2,25.4,99.4,98.8,98.4,2.7,5.31,5.31,1507.496,439.649,6.6635,8.2769,97.25,1601.47,6710.03,17729.42,166454.92,90.49,16.08,8996.317,1701.165,12232.6,6072,3879,180.397,1916.3,3203.993,444.078,209.308
2002/11/29,114.5,1597.08,32.5,19.146,140.815,3379,35.2,27.4,21,1900.02,1386.19,312.09,287.35,145,24.75,1224,1273.15,373.31,113.9,112.7,115.7,99.3,25.41,99.5,99.1,98.9,2.7,5.31,5.31,1434.182,408.577,6.8112,8.2769,96.52,1634.64,6799.28,17973.63,168595.9,90.47,16.08,8763.98,1699.081,13430.4,5889,3726,188.633,2099.7,3235.409,455.46,226.791
2002/12/31,114.9,1662.55,32.78,17.59,151.412,3371,23.5,22.9,14.4,5141.72,NA,318.89,287.33,145,31.57,1231,1294.79,440.44,113.8,112.4,115.8,99.6,29.85,100.1,99.7,99.4,2.7,5.31,5.31,1357.654,388.755,6.8115,8.2772,95.93,1727.8,7088.18,18500.7,170917.4,90.34,19.29,7747.997,1387.131,12452,5632,4100,183.607,2097.3,3338.757,443.402,280.671
2003/01/31,114.8,1562.25,32.51,15.098,137.554,3354,NA,NA,NA,1295.25,1903.93,297.46,310.06,150,-12.6,1184,1276.37,390.74,114,112.9,115.8,100.4,30.71,99.9,99.4,99.2,2.7,5.31,5.31,1499.815,426.632,6.9789,8.2768,94.21,2124.47,7240.57,19054.51,173409.17,1322.96,19.29,9548.052,1435.432,12188.3,6093,3125,187.326,1988.3,3235.08,350.348,224.57
2003/02/28,119.8,1553.4,29.52,13.163,125.803,3375,-6.7,58,24.3,1097.1,1436.32,244.54,237.53,135,7.02,1095,1129.01,370.64,114.1,113,116,100.2,32.63,100,99.7,99.5,2.7,5.31,5.31,1511.932,431.293,6.9565,8.2773,94.16,1793.72,6975.66,19010.84,176585.78,1497.76,19.29,8376.317,1319.233,10279.3,4596,4308,187.54,2053.6,3267.909,360.926,327.086
2003/03/31,116.9,1702.46,42.19,15.013,145.806,3385,6.6,50.6,23.6,1500.03,1587.8,320.86,325.02,157,-4.16,1174,1393.28,349.48,113.9,112.6,115.9,100.9,27.22,100.4,100.2,100,2.7,5.31,5.31,1510.578,423.815,6.9694,8.2772,94.2,1710.65,7143.88,19448.73,182295.33,1472.21,19.29,8116.057,1229.744,10784.2,6138,4777,204.104,2424.5,3570.359,556.296,265.11
2003/04/30,114.9,1734.25,39.97,18.427,142.719,3445,11.6,50.3,21.9,1734.5,1946.93,355.95,345.6,160,10.36,1162,1332.86,340.69,103.5,100.6,107.8,101,23.72,100.4,100.1,99.9,2.7,5.31,5.31,1521.444,418.668,6.9051,8.2271,94.28,1744.11,7132.12,19613.01,184627.83,1639.72,19.29,8826.544,1360.028,12344.5,6342,4603,355.489,2089.5,3840.439,452.555,250.158
2003/05/30,113.7,1844.92,32.43,23.433,145.397,3430,12.4,52.7,22.9,1688.71,1592.41,337.85,315.79,160,22.06,1018,1409.76,346.33,100,96.4,105.3,100.7,26.71,99.8,99.4,99.2,2.7,5.31,5.31,1576.261,441.192,7.0638,8.2769,92.09,1711.5,7277.78,19950.52,188954.27,1892.65,19.29,9787.365,1500.747,12698.8,5820,4513,317.253,2013.1,3893.356,454.333,243.538
2003/06/30,116.9,1841.66,35.01,26.599,151.426,3450,16.7,51.8,24.4,2350.25,1720.36,344.59,323.29,163,21.31,1113,1363.24,357.69,103.4,100,108.7,100.3,27.11,99.2,98.7,98.5,2.7,5.31,5.31,1486.024,407.357,6.9878,8.277,91.91,1695.69,7592.32,20490.74,194306.47,2023.11,19.29,9384.076,1469.81,12995.1,5753,4451,215.2,2122.1,3859.323,444.586,251.986
2003/07/31,116.5,1836.51,34.14,28.088,169.93,3405,14.9,51,24.8,1815.59,1838.74,380.91,364.92,167,15.99,1183,1367.05,356.21,106.4,104.4,109.5,100.5,27.52,99.3,98.8,98.5,2.7,5.31,5.31,1476.742,401.196,6.972,8.2773,92.45,1736.21,7615.28,20619.31,195520.53,2222.47,19.29,9568.906,1546.576,14421.3,6310,4958,273.573,2081.7,4393.31,504.428,230.558
2003/08/29,117.1,1894.61,36.76,26.557,170.029,3425,10.8,51.5,24.4,1703.67,1297.07,373.82,345.94,170,27.88,1224,1389.49,360.96,108.2,106.2,110.9,100.9,28.9,99.9,99.3,98.9,2.7,5.31,5.31,1421.983,391.715,6.9862,8.277,92.95,1760.68,7703.3,21059.19,197725.62,2431.21,19.29,9146.386,1630.431,14760.2,5895,4783,290.419,2036.1,3792.666,426.294,264.084
2003/09/30,116.3,1917.38,42.76,26.323,158.457,3371,8.5,48.9,24.3,2079.77,1641.55,419.41,416.52,173,2.88,1234,1354.01,397.18,108.6,106.2,112.1,101.1,26.82,100.4,99.6,99.3,2.7,5.31,5.31,1367.161,374.817,7.2538,8.2771,91.92,1830.64,7916.39,21356.71,202869.26,2626.08,19.29,11293.125,1876.654,15880.8,6968,5111,228.059,2099.2,4021.815,564.974,251.5
2003/10/31,117.2,1981.65,37.19,24.244,158.109,3401,7.3,46.5,23.5,1683.01,1866.1,408.79,351.35,171,57.44,1287,1417.82,420.44,109.9,107.7,113.1,101.8,27.17,101.3,100.3,99.8,2.7,5.31,5.31,1348.303,364.803,7.5789,8.2767,89.9,1825.07,8026.71,21446.94,204076.95,2276.1,19.29,13011.203,2267.46,17603.1,7569,5616,306.836,2866.8,4389.909,513.288,289.12
2003/11/28,117.9,2049.15,41.96,19.782,162.46,3426,4.7,43.8,23.8,1984.11,1505.9,417.62,368.23,170,49.39,1325,1377.69,420.27,110.3,108.1,113.3,103,28.45,102.8,101.4,100.8,2.7,5.31,5.31,1397.225,371.249,7.5763,8.2769,89.85,1843.96,8081.49,21635.17,206119.57,2186.18,19.29,11720.976,2052.404,15149.2,6854,5055,255.151,3323.7,4151.551,610.857,268.82
2003/12/31,118.1,2015.8,41.72,18.189,171.058,3438,3.9,39.4,24.5,5717.96,NA,480.63,423.03,173,57.6,1558,1457.69,473.57,111.2,109.1,114,103.2,29.87,103.2,101.9,101.2,2.7,5.31,5.31,1497.044,378.628,7.6841,8.277,88.66,1974.6,8411.86,22122.28,208055.59,2226.27,19.29,12087.077,1925.89,14150.5,7222,6179,338.34,3319.9,4581.038,690.467,347.979
2004/01/30,107.2,1939.16,29.87,13.897,147.969,3440,NA,NA,NA,1368.55,2429.18,356.98,357.17,179,-0.19,1253,1400.64,456.94,111.3,108.6,114.4,103.2,28.68,103,101.7,101,2.7,5.31,5.31,1590.729,404.629,7.7738,8.2769,87.58,2228.74,8380.59,22510.19,210248.48,2024.06,19.29,12237.266,1896.655,15090.5,7452,4659,235.214,2593.1,4172.431,457.575,276.143
2004/02/27,123.2,1972.43,43.69,13.87,157.048,3474,-25.1,78.6,41,1361.96,1996.57,340.59,420,181,-79.41,1214,1342.36,421.14,111.1,108.3,114.3,102.1,31.13,102.3,100.9,100.1,2.7,5.31,5.31,1675.067,442.138,7.8168,8.2771,87.35,1989.34,8355.64,22705.07,214628.54,2250.26,19.29,11436.228,1670.511,12125.6,5410,5536,308.594,3033.7,4430.252,536.256,362.567
2004/03/31,119.4,2184.75,58.97,17.499,170.669,3393,0.4,66.6,37.7,1771.5,2121.25,458.52,464.9,198,-6.38,1289,1522.46,404.98,111.3,108.4,114.5,103,31.49,103.2,101.7,100.9,3.33,5.31,5.31,1741.623,458.491,7.6697,8.2771,88.37,1929.74,8581.56,23165.46,220563.25,2239.69,19.29,11510.517,1578.236,14790.3,8413,6403,378.647,3372.5,5146.743,688.836,414.888
2004/04/30,119.1,2087.54,54.41,22.505,167.888,3435,17.9,58.1,34.2,2099.66,2679.43,471.07,495.46,199,-24.39,1329,1480.45,400.18,110.8,107.8,114.3,103.8,33.99,104.1,102.6,101.8,3.33,5.31,5.31,1595.587,407.555,7.7704,8.2769,88.47,1987.84,8560.36,23362.79,222360.32,2361.16,19.29,12496.991,1791.572,15761.5,8000,6103,423.656,2718.2,5279.926,583.096,454.491
2004/05/31,117.5,2105.24,44.27,27.777,169.288,3420,11.7,47.8,27.7,1720.93,2024.47,448.43,429.81,202,18.63,1339,1528.34,416.61,108,104,112,104.4,36.17,104.8,103.3,102.5,3.33,5.31,5.31,1555.906,400.62,7.3503,8.2771,89.9,1904.84,8678.04,23484.24,225048.71,2586.49,19.29,11693.888,1904.221,16109.2,6782,5713,316.446,2895.6,4945.082,662.553,452.326
2004/06/30,116.2,2079.76,42.79,31.893,174.81,3460,7.2,41.8,25,2480.26,2106.42,505.24,488.98,201,16.26,1328,1488.85,425.07,105.1,102.2,109.6,105,32.68,105.5,104.1,103.4,3.33,5.31,5.31,1399.162,354.513,7.5868,8.2767,88.99,1901.76,8862.71,23842.75,229670.82,2604.8,19.29,12757.997,2049.958,18133.1,7591,6551,359.598,2732.5,5632.85,770.921,464.921
2004/07/30,115.5,2198.79,36.41,31.933,189.879,3486,15,42.5,24.6,1935.33,2312.13,509.34,489.77,200,19.57,1284,1501.18,420.92,106.3,103.6,110.6,105.3,38.69,105.9,104.4,103.6,3.33,5.31,5.31,1386.202,351.923,7.5664,8.2767,88.72,1940.91,8798.22,23812.7,230192.75,2711.33,19.29,13055.719,2172.785,18771.4,7707,6559,359.509,2662.1,5414.561,632.728,418.879
2004/08/31,115.9,2335.63,38.62,33.432,192.095,3500,16.3,41.7,23.9,1976.45,1483.47,513.51,468.07,206,45.44,1333,1525.64,426.27,105.9,103,110.3,105.3,38.15,105.9,104.4,103.6,3.33,5.31,5.31,1342.062,333.329,7.5128,8.2768,89.1,1951.79,8912.53,23972.92,232473.01,2864.96,19.29,13262.085,2218.716,19314.8,7701,5830,335.869,2682,4283.004,645.855,424.954
2004/09/30,116.1,2375.81,44.54,32.173,180.954,3574,21.4,42.4,22.8,2429.94,1696.81,558.03,508.11,214,49.92,1348,1537.36,471.77,106.5,103.8,110.8,105.2,43.39,105.8,104.3,103.4,3.33,5.31,5.31,1396.7,355.189,7.5069,8.2767,88.9,2052.42,9043.91,24375.69,235029.68,3081.7,19.29,14807.531,2464.898,19651.8,8577,6407,381.582,2855.6,4898.214,674.101,391.118
2004/10/29,115.7,2493.68,38.87,29.666,184.431,3544,23.1,41.7,22.5,1917.29,2072.73,525.24,454.34,217,70.9,1403,1614,498.32,107.1,104.5,111.1,104.3,43.39,104.8,103.4,102.7,3.33,5.58,5.58,1320.536,334.811,7.6321,8.2765,88.08,2007.83,9078.25,24374.03,236483.03,3175.06,19.29,15563.417,2671.228,21056,8330,6779,369.222,2941.4,5028.98,752.691,491.778
2004/11/30,114.8,2503.55,44.49,25.343,185.877,3533,24,40.5,22.2,2531.82,1611.03,609.12,509.68,218,99.44,1420,1561.41,496.56,108.2,105.8,111.8,102.9,39.77,102.9,101.9,101.4,3.33,5.58,5.58,1340.771,341.959,7.92,8.2765,85.91,2020.93,9238.71,24713.56,239788.54,3426.04,19.29,16500.179,2635.773,20955.4,9530,6402,401.824,2975.1,5114.385,719.817,426.504
2004/12/31,114.4,2653.34,41.71,22.271,193.125,3566,20.3,38.3,21.6,6893.2,NA,637.84,527.08,211,110.76,1570,1583.7,556.25,108.7,107.8,110,102.4,36.43,102.2,101.3,100.7,3.33,5.58,5.58,1266.496,315.812,7.9687,8.2765,84.82,2146.83,9597.08,25320.77,240525.07,3954.67,19.29,15520.748,2520.297,18766.2,8841,6974,460.886,3259.2,5771.659,821.708,461.433
2005/01/31,120.9,2509.53,42.31,18.141,191.489,3561,NA,NA,NA,1555.58,2943.78,507.24,442.53,229,64.71,1420,1679.5,530.09,109.1,108.3,110.2,101.9,40.95,102,100.9,100.4,3.33,5.58,5.58,1191.823,297.051,8.0171,8.2765,84.95,2401.54,9707.9,25770.85,245368.63,4341.73,19.29,15174.762,2421.892,19143.8,9029,5406,273.381,2609.2,4489.027,602.397,477.003
2005/02/28,107.6,2480.64,36.24,16.623,160.106,3570,69.9,28.3,21.8,1472.83,2032.04,442.77,398.92,200,43.85,1307,1428.13,501.22,109.6,108.9,110.6,104,46.26,103.4,102.4,101.9,3.33,5.58,5.58,1306.003,328.133,7.9127,8.2765,85.12,2266.8,9281.5,25935.73,248752.1,4827.11,19.29,14541.8,2032.262,18146.6,7252,5533,313.135,3082.4,4663.193,724.474,441.395
2005/03/31,115.1,2754.39,60.13,20.994,194.047,3594,39.9,27.7,23.5,2180.94,2273.34,608.56,552.12,229,56.44,1421,1722.63,479.91,110.1,109.9,110.5,102.7,50.23,102.3,101.4,100.9,3.33,5.58,5.58,1181.236,296.75,7.8458,8.2765,84.74,2123.9,9474.32,26458.89,255573.32,5241.92,19.29,15461.248,2147.266,17308.6,9664,7042,403.303,3305.4,5501.255,928.603,555.899
2005/04/29,116,2808.58,60.57,25.441,189.206,3584,32.9,30.3,23.1,2380.86,3090.82,620.59,576.33,240,44.26,1463,1696.21,466.33,110.5,109.7,111.6,101.8,47.9,101.3,100.6,100.2,3.33,5.58,5.58,1159.146,283.572,7.7442,8.2765,85.56,2166.66,9459.37,26699.27,258882.32,5027.74,19.29,15108.446,2344.347,19369.4,9418,6344,453.65,3405.1,5368.428,1002.61,486.617
2005/05/31,116.6,2972.96,48.52,34.702,192.47,3611,27.5,32.1,22.6,1995.14,2291.71,584.11,493.89,242,90.22,1487,1747.11,489.92,110,109.9,110.1,101.8,47.6,101.3,100.6,100.2,3.33,5.58,5.58,1060.738,262.249,7.7183,8.2765,85.78,2081.16,9580.2,26924.05,262848.38,5027.25,19.29,15835.713,2396.324,20361.4,8490,6013,400.129,3296.1,5062.485,1070.733,468.154
2005/06/30,116.8,2854.74,52.82,39.856,200.675,3646,20.8,35.3,21.6,2836.03,2517.68,659.22,562.23,239,96.99,1489,1670.39,493.5,110.4,109.6,111.5,101.6,52.01,101.2,100.5,100.1,3.33,5.58,5.58,1080.938,260.727,7.6141,8.2765,86.98,2084.88,9860.13,27578.55,269140.58,5850.09,19.29,15445.26,2390.812,22388,8920,6746,421.523,3394.2,5301.362,1032.754,529.037
2005/07/29,116.1,2924.38,47.45,40.421,217.89,3654,17.7,35.4,21.9,2239.26,2738.8,655.5,549.12,242,106.38,1476,1698.34,493.49,110.1,109.6,110.9,101.8,54.2,101.3,100.8,100.5,3.33,5.58,5.58,1083.033,254.466,7.3492,8.229,88.57,2117.12,9767.41,27696.63,270736.45,5308.95,19.29,16079.479,2472.886,22703.1,8474,6830,369.616,3631.2,5595.752,1057.929,436.619
2005/08/31,116,3045.63,46.13,38.978,216.205,3668,20,35.2,22.3,2413.27,1858.31,683.82,577.76,246,106.06,1496,1688.19,504.08,110.3,109.9,110.8,101.3,61.1,100.7,100.3,100.2,3.33,5.58,5.58,1162.798,278.984,7.3228,8.1019,89.1,2135.16,9937.77,28128.82,275100.41,5322.75,19.29,18131.014,2786.564,23892.7,9439,6841,428.314,3896.6,5302.053,1070.922,532.263
2005/09/30,116.5,3035.71,52.89,37.401,205.325,3623,18.7,35.5,22.7,2876.03,2108.52,701.32,625.78,253,75.54,1517,1675.57,549.52,110,109.8,110.3,100.9,58.02,100.4,100,99.9,3.33,5.58,5.58,1155.614,281.721,7.28,8.0922,89.46,2227.29,10096.4,28743.83,279882.41,4668.68,19.29,19223.816,3055.79,24845.9,9510,7246,438.284,3201.3,5862.178,1013.35,506.111
2005/10/31,116.1,3167.29,45.76,36.532,201.097,3649,20.7,35.9,22.3,2187.95,2728.37,680.45,560.64,259,119.81,1532,1780.26,584.66,109.3,109.6,108.9,101.2,52.99,100.7,100.4,100.2,3.33,5.58,5.58,1092.817,265.395,7.0247,8.0889,90.76,2189.3,10175.2,28759.16,281465.66,4946.61,19.29,18036.238,2907.924,26022.5,9153,7236,433.905,3910.7,5247.326,1145.237,493.388
2005/11/30,116.6,3047.76,56.66,29.355,204.189,3621,24.1,36.4,22.1,3188.39,1996.07,721.79,616.45,256,105.34,1543,1780.45,590.9,109.2,109.7,108.4,101.3,49.69,100.8,100.6,100.4,3.33,5.58,5.58,1099.261,266.864,6.8223,8.084,91.75,2240.94,10412.58,29235.04,285504.74,5083.11,19.29,18715.179,2870.496,23828.5,9728,7059,465.939,3889.4,5461.058,1070.213,495.029
2005/12/30,116.5,3204.14,60.31,24.422,224.659,3520,27.5,38.4,20,8604,NA,754.12,643.96,256,110.16,1742,1846.82,685.04,110,110.5,109.5,101.6,53.47,101.2,100.9,100.8,3.33,5.58,5.58,1161.057,278.745,6.8204,8.0759,91.53,2403.17,10727.88,29875.57,287169.52,5672.79,19.29,17808.933,2675.785,21827.3,9360,7707,532.833,4215.1,6325.313,1355.822,535.651
2006/01/31,NA,3016.64,54.89,25.009,206.339,3670,NA,NA,NA,2227.88,3660.28,651.44,554.93,265,96.51,1507.4,1669.56,664.16,110.3,110.4,110.1,101.9,60.4,101.3,101,100.9,3.33,5.58,5.58,1258.046,307.108,7.0025,8.07,89.98,2931.04,10725.07,30357.17,291436.87,5534.71,19.29,19227.41,2792.541,22824.5,9956,5134,360.923,3494.1,5166.745,808.343,395.412
2006/02/28,120.1,2946.21,57.71,23.843,196.201,3662,34.5,28.8,25,1559.67,2370.63,541.07,515.74,236.4,25.33,1400.7,1505.38,600.19,109.2,110.5,108,100.9,56.01,100.7,100.4,100.3,3.33,5.58,5.58,1299.03,315.295,6.8339,8.05,90.62,2448.2,10435.71,30451.63,297671.93,7410.51,19.29,17051.293,2367.462,19118.9,6981,6873,372.293,4087,5425.098,1115.625,480.957
2006/03/31,117.8,3288.9,79.17,26.168,216.162,3710,47.1,32.7,27.5,2504.1,2595.41,780.17,668.42,274.1,111.75,1559.4,1885.94,579.67,109.9,111.4,107.5,100.8,61.17,100.5,100.2,100.1,3.33,5.58,5.58,1298.295,323.453,6.8482,8.035,90.68,2347.2,10673.71,31049.07,305532.64,6579.43,19.29,17333.858,2295.369,21840.9,10715,8297,508.068,4955.4,6698,1052.784,538.854
2006/04/28,116.6,3371.11,72.27,29.146,211.66,3680,33.9,32.3,27.6,2728.52,4022.73,768.19,664.63,281.5,103.55,1595.4,1824.54,577.46,109.4,111.1,106.9,101.2,65.48,101,100.6,100.5,3.33,5.85,5.85,1440.223,354.032,6.8546,8.0165,90.09,2415.57,10638.91,31370.23,310105.35,6589.81,19.29,17085.026,2591.57,22840.2,10197,7064,494.616,4343.7,5830.018,1107.608,434.529
2006/05/31,117.9,3593.41,61.92,36.372,217.528,3712,36.3,33.5,27.8,2166.3,2831.82,730.56,601.29,283.1,129.27,1641.9,1849.5,617.56,109.4,110.9,107.1,101.4,64.88,101.2,101,100.8,3.33,5.85,5.85,1641.3,417.019,7.197,8.0152,88.04,2346.53,10921.92,31670.98,314347.8,6873.72,19.29,19818.881,2830.362,23749.1,9427,7450,465.609,4542,6352.914,1180.031,510.052
2006/06/30,119.5,3661.88,61.28,43.659,230.193,3700,40.2,35,28.2,3414.62,3003.93,812.53,668.7,282.5,143.84,1627.4,1787.4,605.78,109.8,111.5,107,101.5,67.29,101.4,101.3,101.3,3.33,5.85,5.85,1672.211,433.221,6.9857,8.01,89.22,2346.91,11234.24,32275.64,318455.71,5942.21,19.29,19317.793,2772.025,25551.9,9189,8035,518.276,4347,6724.522,1111.281,595.806
2006/07/31,116.7,3609.06,53.09,44.126,251.714,3716,39.4,34.5,27.4,2524.77,3612.68,803.25,657.06,276.6,146.19,1617.8,1790.76,601.22,109.7,111.3,107.1,101,68.42,101,100.7,100.6,3.33,5.85,5.85,1612.733,406.094,6.9074,7.99,89.4,2375.26,11265.3,32401.08,319860.35,6036.97,19.29,19383.884,2830.576,26164.5,9250,7901,505.034,5064.6,6765.542,1301.351,536.478
2006/08/31,115.7,3670.02,53.41,37.466,257.049,3660,38.2,32,26.8,2604.92,2267.04,907.62,718.97,292,188.65,1646.1,1828.48,607.74,110.2,111.9,107.6,101.3,65.18,101.3,100.9,100.7,3.33,6.12,6.12,1658.638,421.469,6.8772,7.97,89.36,2418.54,11484.57,32788.57,323903.07,6313.05,19.29,20754.2,3044.309,28394.3,10109,7844,522.206,4764.3,6576.494,1255.32,612.819
2006/09/29,116.1,3616.18,66.3,34.352,236.475,3649,37,30.1,26.7,3426.17,2563.28,915.53,762.92,294.8,152.61,1701.1,1865.81,655.36,111.7,113.6,108.7,101.5,57.38,101.6,101.2,101,3.33,6.12,6.12,1752.424,438.896,6.7749,7.9368,90.04,2568.74,11681.41,33186.54,327775.52,6703.27,19.29,23066.951,3447.879,29253.9,10418,8231,483.208,4637.5,7408.906,1309.668,538.197
2006/10/31,114.7,3768.39,61.79,33.106,232.43,3650,34.9,27.6,26,2670.56,3377.8,880.82,642.81,298.3,238,1698.3,1970.46,699.77,111.6,113.2,108.9,101.4,53.37,101.5,101.1,100.9,3.33,6.12,6.12,1837.993,446.489,6.6442,7.9032,90.9,2496.42,11836,33274.72,329298.14,6792.13,19.29,24308.676,3805.123,31071.7,10591,8281,561.589,4941.7,7411.631,1534.425,742.744
2006/11/30,114.9,3795.73,69.19,27.188,236.336,3672,36.8,26.9,26.2,3783.71,2364.67,957.82,728.97,294.3,228.85,1700.2,1886.58,682.17,112,113.7,109.4,101.9,58.71,102.2,101.5,101.2,3.33,6.12,6.12,2099.289,495.884,6.7053,7.87,90.3,2552.73,12164.5,33750.42,334361.41,6629.78,19.29,26238.557,3930.347,29391.5,11020,8506,570.49,4858.3,8007.467,1549.256,659.331
2006/12/29,114.7,3808.06,68.71,25.447,257.34,3592,30.7,25.9,23.3,10811.51,NA,940.18,729.75,282.5,210.43,2248.2,1949.7,749.92,113.1,114.9,110.3,102.8,55.97,103.2,102.4,102,3.33,6.12,6.12,2675.474,550.593,6.6726,7.8087,89.9,2707.26,12603.51,34560.36,335434.1,6483.35,19.29,22804.425,3436.652,25586.2,10590,9173,565.065,5188.4,7776.797,1661.202,835.014
2007/01/31,NA,3811.9,78.7,21.66,251.24,3811,NA,NA,NA,1870.86,4708.05,866.24,707.09,310.7,159.14,1720.3,1992.81,748.83,112.4,114.2,109.5,102.2,52.62,102.6,101.8,101.5,3.33,6.12,6.12,2786.335,655.529,6.462,7.7898,91.28,2794.91,12848.41,35149.88,340137.72,6841.19,19.29,25580.277,3448.427,27159.5,10467,7402,433.488,4364.2,6292.221,1379.763,634.655
2007/02/28,112.6,3613.5,59.7,19.97,196.73,3739,24.8,21,25.1,2543.71,2898.7,821.25,583.37,285.2,237.88,1543.4,1724.5,701.37,111.8,113.6,109,102.7,56.69,102.9,101.9,101.5,3.33,6.12,6.12,2881.073,736.813,6.4706,7.7546,91.54,3062.79,12625.81,35865.93,345444.39,7893.79,19.29,23527.992,3135.846,24429.7,9905,7337,472.818,4630.7,6900.152,1424.06,479.502
2007/03/30,117.6,4015.7,89,25.34,247.2,3685,20.3,27,24,2874.2,3110.71,835.83,766.78,302,69.04,1724.6,1949.1,668.58,111,112.2,109.2,103.3,63.79,103.3,102.5,102.2,3.33,6.39,6.39,3183.983,825.788,6.5838,7.739,91.03,2738.8,12788.13,36409.37,354248.28,8794.92,19.29,24552.343,3616.232,23989.3,9449,9550,575.779,5479.4,7739.737,1419.121,719.854
2007/04/30,117.4,4031.8,84,28.79,247.45,3749,29.2,27.4,24,3220.5,5313.85,974.72,807.89,323.3,166.83,1756.8,1921.3,667.25,112.3,113.8,109.9,103,64.26,103,102.2,101.9,3.33,6.39,6.39,3841.272,1064.765,6.4987,7.7247,90.54,2781.39,12767.83,36732.65,358746.25,7993.54,19.29,21727.386,3055.335,25616.5,10928,8124,588.058,4849.4,7485.566,1769.207,734.637
2007/05/31,118.1,4130.4,74.4,33.61,256.868,3781,35.8,28.9,23.5,2922.2,3741.6,940.91,716.3,331.4,224.61,1816.8,2017.26,715.75,112.8,114.2,110.6,103.4,64.45,103.4,102.4,102,3.33,6.57,6.57,4109.652,1187.509,6.3437,7.6704,91.2,2672.8,13027.58,36971.82,360327.13,9027.69,19.29,23569.22,3280.637,26893.5,10331,8568,611.143,5322.7,8247.849,1783.886,743.01
2007/06/29,119.4,4212.1,75.9,45.91,271.559,3826,37.5,29,24.6,4488.6,3761.9,1033.59,764.43,328,269.16,1876,1966.12,702.6,113.7,115.2,111.3,104.4,68.02,104.3,103.2,102.7,3.33,6.57,6.57,3820.703,1077.921,6.2264,7.633,91.9,2688.11,13584.74,37783.22,369368.29,9095.06,19.29,23692.376,3387.796,28616,9901,9204,599.833,5900.1,8177.543,1633.79,873.757
2007/07/31,118,4125.2,67.9,49.41,291.571,3643,46.2,28.9,24.5,3236.6,4679.5,1077.26,833.73,326.3,243.52,1815.7,1990.35,699.82,112.9,114.3,110.6,105.6,72.56,105.8,104.4,103.8,3.33,6.84,6.84,4471.031,1291.314,6.2328,7.5806,91.58,2732.63,13623.74,38388.49,370953.8,9301.16,19.29,27661.798,3624.723,30255.9,10593,9062,621.455,4779.2,8804.431,1758.263,867.133
2007/08/31,117.5,4158.3,66.1,52.73,298.976,3746,42.9,29.5,24.3,3426.7,3197.9,1114.25,862.16,328.5,252.09,1844.5,1997.6,711.66,113.5,115.1,110.9,106.5,69.7,106.6,105.2,104.6,3.33,7.02,7.02,5218.824,1457.834,6.486,7.5753,91.58,2782.24,14099.33,38720.52,377415.93,10104.74,19.29,28661.513,3932.655,30118.6,10905,9632,650.699,5904.6,8133.083,1490.877,770.643
2007/09/28,118.9,4271.2,78.3,52.55,276.005,3716,41.1,29.3,24,4433.1,3561.74,1122.72,882.48,332.8,240.24,1857.4,1961.11,766.84,113.1,114.7,110.5,106.2,77.43,106.2,104.9,104.3,3.33,7.29,7.29,5552.301,1532.666,6.5425,7.5258,91.31,2903.06,14259.16,39309.89,382981.22,10208.18,19.29,29714.932,4378.431,31096.4,10409,9743,595.149,5610.5,8664.701,1555.208,725.486
2007/10/31,117.9,4292.2,75.2,43.5,272.788,3722,39.9,29.6,24.7,3560.3,4942.3,1076.57,805.26,325.1,271.31,1916.9,2061.18,826.3,112.6,114.3,109.9,106.5,84.76,106.5,105.3,104.7,3.33,7.29,7.29,5954.762,1463.537,6.4787,7.5012,90.47,2831.78,14464.93,39420.42,378483.74,10105.98,19.29,33558.486,4867.254,33374.7,11638,10119,714.87,5683.1,9524.651,1716.265,768.767
2007/11/30,117.3,3969.1,86.5,32.32,275.473,3727,37.6,29.7,24.4,4508.2,3358.13,1175.77,912.3,332.6,263.46,1898.7,2038.22,810.47,112,113.7,109.4,106.9,85.72,107.2,106,105.5,3.33,7.29,7.29,4871.777,1236.305,6.6804,7.4233,89.98,2898.79,14800.98,39975.79,385507.16,10572.34,19.29,32524.05,4998.378,31425.5,11992,10194,806.739,5816.3,9415.827,1895.453,828.426
2007/12/31,117.4,4131.4,84.9,27.4,294.687,3691,31.1,29,23.2,12696.38,2347.62,1143.62,917.15,298,226.47,2364,2098.11,901.53,113.1,114.6,110.7,106.5,90.7,106.7,105.6,105.2,3.33,7.47,7.47,5261.563,1447.024,6.5529,7.3676,91.23,3037.52,15256.01,40344.22,389371.11,11505.04,19.29,26433.217,3878.775,27142.1,11241,10362,685.474,6898.2,9311.949,2241.309,762.019
2008/01/31,NA,4056.4,84.3,24.97,283.152,3744,NA,NA,NA,3014.1,6772.6,1098.08,902.81,350,195.27,1850,2018.2,907.73,111.6,113.6,108.4,107.1,87.92,107.4,106.2,105.7,4.14,7.47,7.47,4383.391,1311.289,6.7136,7.2478,91.99,3667.32,15487.02,41781.87,391551.47,11228.51,19.29,31690.307,3699.702,27691.3,11920,8661,593.038,5854.9,9181.595,1895.402,813.921
2008/02/29,115.4,3888.4,67.2,22.89,233.776,3747,77,26.1,22.6,2682.9,3844.4,874.19,791.2,322.3,82.99,1734.9,1825.57,835.47,110,111.5,107.6,108.7,96.35,109.2,108.1,107.6,4.14,7.47,7.47,4348.543,1373.89,6.6733,7.1601,92.59,3245.45,15017.79,42103.78,404927.55,12245.62,19.29,28617.568,3731.368,25531.4,9471,9463,815.066,5773.9,9150.005,1539.503,908.236
2008/03/31,117.8,4486.8,106.6,27.96,289.784,3769,80.8,25.9,25.3,3809.8,3902.7,1089.58,959.17,368.8,130.41,1938.4,2194.93,812.32,110.3,111.9,107.8,108.3,98.63,109.1,107.8,107.3,4.14,7.47,7.47,3472.713,1098.493,7.0202,7.0752,91.6,3043.31,15086.75,42305.45,415693.1,15693.84,19.29,25941.313,3322.275,23658.6,12075,11458,790.424,6354.1,9948.913,2359.742,817.52
2008/04/30,115.7,4467.6,100.4,37.27,281.432,3751,71.6,25.9,24.9,4078.4,6116.3,1190.82,1024.13,367.7,166.69,1984,2129.55,814.2,109.7,111.3,107.1,108.5,107.33,109.3,108.1,107.6,4.14,7.47,7.47,3693.106,1097.759,6.83,7.0007,92.49,3078.96,15169.49,42931.37,422275.02,15716.52,19.29,28084.885,3534.877,27378.2,12377,10717,895.997,5680.6,11197.801,2259.68,930.148
2008/05/30,116,4601.3,89.5,44.45,293.379,3811,66.1,25.6,25,4024.6,5901.39,1207.29,1008.16,374,199.14,2059.8,2179.33,870.35,110,111.7,107.2,107.7,121.68,108.7,107.5,107,4.14,7.47,7.47,3433.354,1036.993,6.69,6.9724,93.91,3016.93,15334.48,43622.16,431273.97,16495.94,19.29,28630.078,3518.2,29217.8,11522,11133,768.954,6614.3,10096.454,2637.373,1123.235
2008/06/30,116,4694.42,86.4,54.93,293.447,3884,69.5,26.6,26.2,5272.2,4888.4,1213.62,1004.33,371.2,209.29,2120.5,2114.97,864.2,109.8,111.2,107.7,107.1,136.03,108.2,107.1,106.7,4.14,7.47,7.47,2736.103,793.132,6.4469,6.8971,95.4,3018.13,15482.02,44314.1,438989.28,16379.66,19.29,29406.877,3880.636,29379.1,11394,11067,811.98,6413.7,10834.71,2617.443,957.11
2008/07/31,114.7,4488.63,75.7,60.41,319.536,3808,61.9,27.9,26,4561.4,5323.3,1366.75,1113.97,365.2,252.78,2046.9,2161.29,862.88,110.2,111.6,108,106.3,122.48,107.5,106.8,106.5,4.14,7.47,7.47,2775.717,827.587,6.4024,6.8376,95.72,3068.72,15499.24,44636.22,443671.53,16815.6,19.29,34916.183,4243.18,32999,12703,12008,935.17,6437.3,11931.196,2736.237,820.48
2008/08/29,112.8,4256.8,62.6,63.77,316.06,3774,63.5,28.8,25.5,4035.7,3551.2,1353.88,1060.18,365.5,293.7,2092.5,2180.75,876.77,109.3,110.6,107.2,104.9,111.23,106.1,105.5,105.3,4.14,7.47,7.47,2397.369,659.183,6.2684,6.8515,97.87,3085.16,15688.99,44884.67,450172.34,18322.81,19.29,31451.287,4156.343,33590.3,11113,11178,661.507,6506.7,8360.914,2738.645,882.667
2008/09/30,111.4,3961.4,79.2,57.5,289.245,3788,62.8,30.2,24.8,4948.9,3792.9,1364.32,1070.65,354.4,293.67,2133.2,2095.36,944.65,108.9,110.1,107,104.6,90.32,105.9,105.3,105.1,4.14,7.2,7.2,2293.784,614.042,6.39,6.8307,100.53,3172.49,15574.9,45289.87,454941.53,20320.25,19.29,35158.129,4727.057,34873.7,13019,10666,728.789,5320.4,9323.754,2624.263,738.424
2008/10/31,108.2,3590.1,73.04,44.72,264.501,3850,61.8,30,24.3,4143.2,4917.25,1284.94,927.08,352,357.86,2115.6,2115.8,1008.27,107.9,108.5,106.8,104,57.43,105.1,104.6,104.4,4.14,6.66,6.66,1728.786,470.911,6.86,6.8316,104.33,3131.78,15719.44,45313.33,458331.49,20751.49,19.29,33950.573,4687.669,35817.6,13842,11557,698.924,6071.6,9257.54,2285.596,741.024
2008/11/28,105.4,3518.88,71.36,47.27,254.022,3859,57.4,29.5,24.1,5254,2990.38,1150.33,746.33,330,404,1970.8,1917.06,979.08,105.2,104.6,106.1,102.4,47.22,103,102.7,102.6,3.06,5.58,5.58,1871.156,539.367,7.0532,6.8286,106.15,3160.74,15782.66,45864.47,462369.19,21209.81,19.29,29735.794,4479.746,29787.1,12140,8849,479.222,5223.4,7814.881,1601.469,596.579
2008/12/31,105.7,3779.2,68.6,36.54,273.961,3699,54.5,28,24.1,16601.69,2222.89,1110.65,720.3,330,390.36,2375,1951.65,1072.85,101.8,100.9,103.2,101.2,35.58,101.8,101.4,101.3,3.06,5.31,5.31,1820.805,553.301,7.4888,6.8424,103.32,3421.9,16621.71,47516.66,466203.32,20852.48,19.29,26717.99,3567.486,26394.8,12101,8211,602.599,5206.1,8284.663,1772.778,593.804
2009/01/30,NA,4119.3,67.4,30.39,243.35,3755,NA,NA,NA,3993.5,5639.01,904.75,512.68,333.8,392.08,1898.6,1898.32,1075.66,101.3,100.1,103,101,42.02,101,100.7,100.5,3.06,5.31,5.31,1990.657,610.274,7.5414,6.8382,104.08,4108.24,16521.43,49613.53,481592.11,18904.68628,19.29,27162.13,3582.297,26053.3,11890,5647,306.272,4178.1,6084.291,2186.45,662.102
2009/02/27,111,4042.2,85.3,30.66,244.94,3733,100.3,24.8,26.9,3810.1,3598.26,648.75,599.38,300.9,49.37,1821,1728.98,932.38,101,99.9,102.6,98.4,43.23,98.6,98.4,98.3,2.79,5.31,5.31,2082.852,659.065,7.4097,6.8357,106.67,3514.16,16614.96,50670.81,498100.3,17243.24695,19.29,22944.968,3052.582,19807.9,6493,6607,500.799,4678.4,7218.044,2256.05,746.9
2009/03/31,108.3,4510.08,116.9,34.84,283.36,3726,85,26.8,29.1,5007.4,3786.31,902.67,717.67,371.8,185,2043.2,2114.65,931.76,100.3,99,102.4,98.8,46.65,98.7,98.5,98.4,2.79,5.31,5.31,2373.213,784.077,6.9873,6.8341,107.67,3374.64,17654.11,53062.67,522618.72,16054.13114,19.29,20453.536,2359.392,22197.3,9843,8042,619.746,5569.9,8736.373,2895.641,886.993
2009/04/30,107.3,4341.3,118.1,42.11,271.288,3795,82.1,27.8,31.6,5078.1,5313.23,919.64,788.26,383.8,131.37,2091.7,2039.11,934.32,100.5,99.6,101.8,98.5,50.36,98.3,98.1,98,2.79,5.31,5.31,2477.569,828.96,6.9072,6.8312,105.88,3425.73,17821.36,54048.12,532941.05,14561.06953,33.89,21911.177,3211.19,22970.8,10033,8214,623.003,5164.9,9088.407,2532.328,794.474
2009/05/29,108.9,4646,114.8,53.81,283.89,3775,79.7,29.1,34.9,4608,5709.7,887.86,756.76,411.5,131.1,2276.3,2070.33,1002.84,101.2,100.3,102.4,98.6,63.71,98.3,98.1,98.1,2.79,5.31,5.31,2632.93,881.767,7.0681,6.8245,103.06,3355.95,18202.56,54826.35,546300.02,13301.78528,33.89,21226.327,3045.592,23769,8483,8463,593.173,5247.8,9152.758,2900.077,922.627
2009/06/30,110.7,4942.5,120.4,58.55,310.01,3824,68.9,29,36.6,6405.6,5483.56,954.8,876.58,408.01,78.22,2330.42,2019.79,994.16,101,100.1,102.3,98.3,69.56,97.7,97.7,97.7,2.79,5.31,5.31,2959.362,962.267,7.0765,6.8332,101.83,3364.1,19313.82,56891.62,566288.11,12852.60162,33.89,23317.667,3203.96,24975.7,9324,9351,654.276,5549.2,10185.043,2853.214,920.482
2009/07/31,110.8,5067.6,113.7,64.17,334.5,3812,62.5,27.8,36.5,4985.7,5934.92,1054.49,951.05,417.4,103.44,2394.6,2121.52,993.65,102.1,101.1,103.6,98.2,68.59,97.5,97.5,97.5,2.79,5.31,5.31,3412.062,1117.99,7.2311,6.832,101.43,3423.93,19588.93,57310.29,570390.73,12259.2836,33.89,24958.49,3482.353,26745.7,10559,9978,694.123,5274.3,11079.134,2872.384,955.281
2009/08/31,112.3,5232.7,116.7,66.8,344.32,3853,60.4,27,37.3,4737.1,4659.62,1037.25,882.15,421.5,155.1,2466.7,2176.73,1011.56,102.7,102,103.8,98.8,70.37,98,98,98,2.79,5.31,5.31,2667.745,904.702,7.1994,6.8322,100.69,3440.66,20039.48,57669.9,573939.55,12234.38322,33.89,24762.951,3686.869,26853.5,9822,9324,689.95,5553.1,9182.281,2739.557,817.627
2009/09/30,113.9,5071.1,137.3,56.11,320.33,3837,54.8,26.9,38.1,6577.4,4932.95,1158.96,1032.32,414.8,126.64,2422.5,2153.87,1091.28,102.8,102.2,103.7,99.2,65.55,98.6,98.5,98.5,2.79,5.31,5.31,2779.426,949.233,7.4638,6.8289,99.36,3678.79,20170.81,58540.53,583987.21,13204.01064,33.89,29003.815,4026.349,29073.9,11471,10719,724.187,5813.7,10458.253,2803.931,633.239
2009/10/30,116.1,5174.7,131.1,43.59,312.1,3844,54.1,26.8,37.8,4683.3,6260.09,1106.44,868.58,404.2,237.86,2459.5,2246.72,1171.76,103.2,102.6,104,99.5,75.56,99.1,98.7,98.6,2.79,5.31,5.31,2995.848,1053.974,7.5275,6.8275,97.93,3573.02,20754.57,58664.33,586884.01,14308.6426,33.89,29584.64,4683.312,30748.9,11302,10999,725.298,6857.4,10903.492,2975.709,819.071
2009/11/30,119.2,4726.2,144.2,36.47,323.41,3812,51.5,26.1,36.6,6349.9,4369.61,1136.59,947.25,394.61,189.34,2328.01,2158.5,1133.9,103.3,103,103.8,100.6,76.21,100.4,100,99.8,2.79,5.31,5.31,3195.301,1185.942,7.6512,6.8274,97.3,3634.39,21249.32,59460.47,592719.76,14813.48926,33.89,28736.495,4284.28,28724,11694,10338,783.689,7326.3,11520.381,2942.067,793.882
2009/12/31,118.5,4766.4,153.8,36.01,349.78,3783,49.9,26.8,33,19638,3834.29,1307.45,1123.16,375.8,184.3,2476.1,2302.61,1261,103.9,104,103.8,101.9,77.16,101.9,101.4,101.2,2.79,5.31,5.31,3277.139,1201.342,7.6101,6.8279,97.98,3824.7,22144.58,61022.45,597741.1,16203.40989,33.89,26470.521,4046.676,27637.7,11624,11950,926.167,8362.9,11774.593,3541.782,804.421
2010/01/29,NA,5253.5,162.4,30.18,339.42,3971,NA,NA,NA,3465.8,7923.91,1095.45,951.67,439.48,143.78,2442.7,2336.24,1271.81,104.7,104.6,104.8,101.5,71.01,102,101.8,101.7,2.79,5.31,5.31,2989.292,1120.446,7.4812,6.8273,98.4,4075.86,22958.9,62560.93,612877.26,13917.76996,33.89,27547.809,3971.886,26286.2,11541,10089,640.422,6888.8,9807.922,2858.768,650.772
2010/02/26,112.8,5035.7,122.6,26,269.59,3940,8.9,21,30.9,4940.2,4549.56,945.61,867.92,386,77.69,2170,2001.1,1233.42,104.2,104.5,103.7,102.7,74.6,103,102.5,102.3,2.79,5.31,5.31,3051.943,1172.333,7.5662,6.827,99.65,4286.58,22428.7,63607.23,622436.84,13353.59382,33.89,25320.931,3402.425,24405.8,10288,9988,876.1,6855.1,11014.166,2929.427,850.836
2010/03/31,118.1,5496.8,174.8,33.92,336.95,3973,9.7,22.4,30,5924,5229.08,1120.76,1192.63,439.8,-71.87,2524.6,2312.86,1132.17,107.9,108.2,107.5,102.4,78.7,102.8,102.3,102.1,2.79,5.31,5.31,3109.105,1211.248,7.5429,6.8264,99.35,3908.06,22939.79,64994.75,638090.42,13158.55443,33.89,29822.441,3375.255,25453.4,11274,12866,827.047,7403.6,13352.084,3159.61,1017.321
2010/04/30,117.8,5540.3,159.8,41.62,331.64,3953,16.5,21.7,29.7,5575.6,7302.02,1199.43,1183.45,452.2,15.98,2581.9,2241.32,1151.04,106.6,106.8,106.2,102.8,84.13,103.2,102.8,102.6,2.79,5.31,5.31,2870.611,1112.679,7.31,6.8262,99.57,3965.75,23390.98,65656.12,649915.56,12881.72469,33.89,25926.696,3385.568,27159.8,12559,12309,940.445,6591.2,12025.568,4338.175,1090.953
2010/05/31,116.5,5614.3,145.8,55.87,340.47,4049,16.1,22.4,28.8,5786.7,7025.36,1317.33,1122.36,466.7,194.97,2655.2,2373.63,1245.51,108,108.2,107.7,103.1,71.88,103.5,103.1,102.9,2.79,5.31,5.31,2592.147,1033.495,7.4245,6.8274,101.77,3865.3,23649.79,66335.14,660756.78,13330.44202,33.89,27596.03,3749.304,30484.6,11784,11125,812.67,6752.7,11697.249,4266.918,917.606
2010/06/30,113.7,5376.6,142.6,70.38,346.66,4105,17.8,22.3,28.4,8119.2,6581.6,1373.88,1172.05,464.1,201.83,2640.4,2254.1,1232.99,108.5,108.9,107.8,102.9,72.49,103.2,102.7,102.5,2.79,5.31,5.31,2398.37,945.293,7.5087,6.8165,102.93,3890.48,24058,67392.17,674098.03,12929.73593,33.89,29936.903,4001.369,34544.5,12632,12113,865.014,6715,12554.972,4728.067,1039.357
2010/07/30,113.4,5174.3,134.2,82.68,377.64,4060,18.9,22.1,27.4,5810.9,6922.69,1454.55,1159.36,449.8,295.19,2740.8,2273.77,1225.28,107.8,108.6,106.4,103.3,74.43,103.3,102.8,102.6,2.79,5.31,5.31,2637.503,1075.445,7.7306,6.7775,101.44,3954.32,24066.41,67405.15,675706.88,14261.88635,33.89,32618.742,4459.813,35014.5,13021,13187,942.825,7344.7,13294.157,4563.276,1013.708
2010/08/31,113.9,5163.6,133.1,82.25,390.33,4104,18.6,22.2,27,6413.7,5021.58,1393.21,1194.75,459,198.46,2772.8,2293.06,1256.98,107.3,107.9,106.2,103.5,72.39,103.6,103,102.8,2.79,5.31,5.31,2638.798,1166.503,7.9418,6.7901,100.03,3992.28,24434.06,68750.69,686463.53,14049.15784,33.89,33757.019,4365.347,37177.7,13089,12257,854.923,7253.5,11202.441,4707.567,883.602
2010/09/30,113.3,4794.5,163.4,75.55,348.65,4187,17.7,22,26.7,8469,5401.57,1450.2,1283.37,446.8,166.83,2783.7,2229.45,1353.65,104.1,104.5,103.4,103.6,77.48,103.6,103,102.8,2.79,5.31,5.31,2655.657,1169.019,7.9954,6.7462,99.92,4185.44,24382.19,69647.15,701024.48,13770.35395,33.89,37234.745,4818.193,36846.4,14072,12812,1102.152,7168.2,12928.345,4824.19,995.318
2010/10/29,113.1,5030.4,159.3,63.03,332.88,4186,17.2,22.3,26.4,6488.3,6937.77,1360.02,1091.36,450.4,268.67,2831.7,2341.46,1428.48,103.8,104.1,103.1,104.4,79.42,104.5,103.9,103.6,2.79,5.56,5.56,2978.835,1303.854,8.1884,6.6732,98.11,4164.62,25331.32,69977.67,702793.71,13295.4516,33.89,37695.624,5252.59,36615.2,13696,14256,967.329,9303.4,13588.683,5215.794,1191.243
2010/11/30,113.3,5017.3,182.1,50.72,345.34,4281,16.6,22.7,26.9,10599.6,5437.22,1533.08,1309.88,473.4,223.2,2775.2,2369.49,1391.09,102.9,103.1,102.5,105.1,83.65,105.5,104.7,104.4,2.79,5.56,5.56,2820.181,1307.833,8.0725,6.6558,98.85,4225.22,25942.03,71033.9,708784.3,13661.45198,33.89,35793.586,4942.933,36760.6,15099,13220,1184.021,9481.4,14481.652,5554.782,1473.575
2010/12/31,113.5,5152.4,195.36,47.23,367.78,4126,18.2,23.2,25.6,17982,4878.29,1540.72,1415.01,NA,125.71,NA,2422.81,1532.95,100.4,100.6,100.1,104.6,88.99,104.8,104.1,103.8,3.25,5.81,5.81,2808.077,1290.865,7.9809,6.6515,99.98,4462.82,26662.15,72585.18,718237.93,13526.8533,33.89,32763.721,4496.797,32234.2,14315,15404,1000.151,10120.7,14224.817,5964.391,1758.92
2011/01/31,NA,5987.11,183.5,39.843,367.21,4238,NA,NA,NA,6408.82,10555.09,1506.14,1449.88,513.6,56.26,2717.9,2379.63,1524.9,99.9,100,99.8,104.9,95.53,104.3,103.7,103.5,3.25,5.81,5.81,2790.694,1197.672,7.9868,6.6027,99.75,5806.39,26176.5,73388.48,712828.05,6409.426197,33.89,33859.135,4671.45,31377.354,14967,11241,843.794,8017.792,12643.359,4690.765,1000.091
2011/02/28,114.9,5430.7,129.4,32.54,310.08,4188,6.9,24.7,25.6,4074.75,6339.75,966.29,1048.64,431.9,-82.35,2490.2,2155.25,1376.91,99.6,99.6,99.5,104.9,108.5,104.9,104.3,104.1,3.25,6.06,6.06,2905.053,1295.813,7.9494,6.5833,99.27,4727.02,25920.05,73613.09,726017.64,6710.214066,33.89,31283.33,3852.427,27244.736,11161,14107,1181.779,8383.31,14426.934,4243.125,1048.425
2011/03/31,114.8,5941.62,192.5,41.16,383.01,4160,10.8,24.8,25.6,7570,6544.01,1520.46,1523.34,504,-2.88,2881.7,2547.76,1358.8,107.6,109.3,104.8,105.4,111.42,105.2,104.6,104.4,3.25,6.06,6.06,2928.111,1253.68,8.0326,6.5662,98.73,4484.52,26625.55,75813.09,752838.4,6042.577595,33.89,32992.207,3624.647,27599.667,15615,14763,1044.615,9563.728,17519.692,5863.281,1380.297
2011/04/29,113.4,5903.2,156.5,42.1,366.38,4127,12.6,24.6,26.5,7304.45,9192.67,1555.14,1441.81,509.1,113.32,2919.9,2394.55,1364.9,106.6,107.5,105.1,105.3,120.35,105.3,104.7,104.5,3.25,6.31,6.31,2911.511,1200.622,7.846,6.5292,98.18,4548.9,26676.69,75738.46,756262.39,6990.418234,33.89,31650.693,3763.985,29580.283,14169,12855,1041.565,8000.503,15154.858,5520.968,1096.071
2011/05/31,113.3,6024.54,142.41,51.14,377.54,4106,15.6,26.3,25.9,8268,9264.71,1570.1,1445.35,526.1,124.75,3025.6,2509.53,1469.68,105.8,106.6,104.6,105.5,111.2,105.6,104.9,104.7,3.25,6.31,6.31,2743.472,1111.9,8.0084,6.4988,98.28,4460.28,26928.96,76340.92,767339,7184.186068,33.89,34517.293,4244.114,32788.072,14200,11540,1036.832,7849.159,16693.847,6215.558,1454.424
2011/06/30,115.1,5992.77,148.72,66.41,396.82,4017,20.6,27.1,24.7,10809.12,8132.2,1616.71,1394.3,512,222.41,3030.7,2390.07,1456.41,108.1,111.4,103.2,106.4,107.5,106.6,105.8,105.6,3.25,6.31,6.31,2762.076,1155.888,8.0432,6.4778,98.43,4447.78,27466.26,78082.09,786432.56,7597.351904,33.89,34246.725,4156.201,34374.831,15080,13831,1078.299,7867.005,15913.395,6722.359,1566.743
2011/07/29,114,5929.7,132,69.83,425.15,3956,22.8,26.7,24.5,6949.92,8679.61,1751.74,1448.41,523.5,303.33,3126.7,2445.4,1440.8,105.6,111.8,96.2,106.5,112.18,106.9,106.1,105.8,3.25,6.56,6.56,2701.729,1178.702,8.1321,6.4614,98.26,4518.31,27054.57,77292.37,779731.73,7463.59125,33.89,34494.284,4537.205,35152.243,15358,14418,1270.347,8157.901,16670.449,6178.116,1349.485
2011/08/31,113.5,5875.12,145.16,65.61,426.04,4027,23,27,23.6,8076.96,6172.05,1732.23,1555.11,520.1,177.12,3167.5,2469.84,1470.5,105,110.4,96.9,106.2,111.4,106.6,106,105.7,3.25,6.56,6.56,2567.34,1143.338,8.3075,6.409,98.8,4577.53,27339.38,78085.23,786797.56,7732.357639,33.89,39148.421,4753.927,37374.137,16875,13889,1069.977,8421.642,15677.472,7156.138,1410.657
2011/09/30,113.8,5670.14,166.49,56.85,386.06,3947,25.5,26.9,23.4,10018.55,6412.09,1694.12,1550.14,521.6,143.99,3205.6,2449.67,1586.51,103.4,108.9,95.2,106.1,101.57,106.7,106,105.8,3.25,6.56,6.56,2359.22,1004.519,8.31,6.3833,101.43,4714.53,26719.32,78740.62,794100.44,7393.622989,33.89,36983.748,5131.062,36418.643,16088,14451,1209.018,8370.064,15707.33,7251.234,1549.663
2011/10/31,113.2,5467.39,160.5,50.12,364.04,3891,28.2,26.9,23.3,8079.03,8342.1,1573.11,1400.87,523,172.24,3233.8,2558.9,1654.64,100.5,106.3,91.8,105.5,107.12,105.9,105.3,105.1,3.25,6.56,6.56,2468.25,1040.928,8.2999,6.3566,102.63,4657.94,27655.27,81682.92,791884.98,8330.864807,33.89,36374.18,5448.914,37824.072,17032,13962,1249.691,9745.556,16521.592,7420.614,1541.231
2011/11/30,112.4,4988.19,179.15,49.35,371.3,3978,28.8,27,22.4,11396.18,5582.12,1743.25,1597.47,510.1,145.78,3178.5,2476.36,1612.89,97,101.7,90,104.2,110.38,104.3,104,103.9,3.25,6.56,6.56,2333.414,994.02,8.1736,6.3408,103.29,4731.73,28141.64,82549.39,795113.97,8716.027048,33.89,34923.573,5229.256,36764.912,17125,12940,1356.106,9997.196,16742.875,6160.999,1708.246
2011/12/30,112.8,5216.33,182.27,44.21,403.81,3999,25,27.3,21.1,19974.22,NA,1746.1,1581.24,488.33,164.86,3276.61,2568.05,1773.97,100.5,105.3,93.2,104.1,106.84,104.1,103.8,103.7,3.25,6.56,6.56,2199.417,866.653,8.1261,6.3281,104.51,5074.85,28984.77,85159.09,809368.33,10038.83194,33.89,30066.521,4442.686,32872.285,16233,13822,1292.457,9747.667,16142.606,6725.814,1843.423
2012/01/31,NA,5673.3,139.1,35.06,348.56,4022,NA,NA,NA,7026.8,11501.34,1498.92,1228.41,527.45,270.51,2953.84,2436.6,1722.21,103.9,109.3,95.8,104.5,111.21,104.5,104.1,103.9,3.25,6.56,6.56,2292.61,855.199,8.2213,6.3168,104.66,5982.07,27001.04,85589.89,801385.32,8682.87401,33.89,33507.469,4661.036,34417.54,17287,9626,1098.854,8359.473,14188.906,5203.662,1290.724
2012/02/29,121.3,5588.3,172.9,33.68,370.17,3986,43.9,24.9,18.5,6897.3,7000,1144.23,1463.94,496.82,-319.71,2867.24,2320.78,1644.65,105,110.9,96.1,103.2,120.79,103,102.9,102.8,3.25,6.56,6.56,2428.487,956.991,8.0409,6.3,103.76,5144.88,27031.21,86717.14,817398.08,8796.483772,33.89,31816.487,4116.903,28105.186,11710,12765,1186.677,8785.663,16083.014,6052.256,1294.109
2012/03/30,111.9,6158.1,202.4,41.31,410.92,4015,35.8,24.6,17.6,10193.91,7356.47,1656.27,1603.97,554.03,52.3,3237.37,2584.62,1565.02,100,106.6,90.2,103.6,120.89,103.7,103.5,103.4,3.25,6.56,6.56,2262.788,891.843,7.7367,6.3081,104.75,4959.57,27799.81,89556.55,846931.7,9016.72173,33.89,26995.849,3487.254,31431.349,16118,13786,1265.958,9811.577,16859.148,6367.873,1720.87
2012/04/30,109.3,6057.5,175.8,43.83,371.82,4060,40.7,24.2,16.4,7885.78,9427.74,1630.88,1446.06,557.22,184.81,3302.8,2465.85,1560.31,103,108.5,94.7,103.4,117.2,103.3,103.1,103,3.25,6.56,6.56,2396.316,940.351,7.2408,6.2966,105,5019.93,27498.38,88960.4,842275.28,8447.323661,33.89,28981.551,4170.294,33016.254,15600,12210,1039.522,8468.142,14920.385,6616.474,1566.653
2012/05/31,109.6,6123.4,171.5,66.55,389.81,4021,37.15,23.93,16.44,9164.97,10535.51,1809.57,1628.3,572.99,181.27,3400.57,2552.49,1671.48,104.2,108.9,97.1,103,101.06,102.7,102.5,102.4,3.25,6.56,6.56,2372.234,967.585,7.9047,6.3062,105.8,4903.97,27865.63,90004.88,854499.67,7625.970642,33.89,31778.286,4309.127,34937.83,15945,12121,1560.235,8960.155,16080.33,7240.886,1817.218
2012/06/29,109.5,6021.3,169.5,75.28,393.35,3963,28.6,23.75,17.43,12724.21,9110.57,1798.92,1482.29,545.87,316.63,3413.53,2332.66,1658.49,99.3,103.2,93.3,102.2,92.99,101.5,101.4,101.3,3.25,6.31,6.31,2225.431,921.404,7.9733,6.3178,106.63,4928.46,28752.62,92499.12,883068.72,7220.715009,33.89,30536.233,4159.886,35949.359,14634,13003,1129.961,8478.117,16395.952,7317.213,1573.078
2012/07/31,109.2,6169.3,148.9,91.63,435.12,3968,28.8,23.4,17.7,9527.66,9076.56,1769.66,1516.44,546,253.22,3426.8,2314.4,1631.49,98.2,101.5,93.3,101.8,102.22,100.8,100.8,100.7,3.25,6,6,2103.634,849.957,8.0038,6.3235,106.44,4970.58,28309.07,91907.24,878062.3,8261.132835,33.89,31838.959,4531.644,37930.755,15961,12769,1530.615,8515.096,15994.496,6211.288,1492.135
2012/08/31,108.9,5870.3,158.3,94.45,437.277,4071,31.5,22.6,17.8,9019.62,6618.16,1778.06,1514.86,539.2,263.21,3481.39,2301.35,1665.89,99.4,103.7,93,102,111.17,101.1,101,101,3.25,6,6,2047.522,838.532,8.0567,6.3404,105.52,5023.51,28573.93,92489.46,883106.28,8501.127649,33.89,32564.865,4766.653,37280.629,15379,12281,1232.32,8613.335,14335.784,5859.27,1412.925
2012/09/28,109.2,5794.6,180.4,84.27,390.73,4170,32.2,22.4,19.4,11679.02,6783.73,1862.02,1586.84,569.96,275.18,3583.21,2319.53,1822.66,100.8,104,96,101.9,109.68,101,100.9,100.9,3.25,6,6,2086.169,853.825,8.1083,6.3395,104.17,5343.35,28678.82,94368.88,899647.06,7695.267988,33.89,32169.312,5057.397,37891.823,16447,12197,1105.083,8804.21,14181.726,5354.442,1522.984
2012/10/31,109.6,5909.6,167.7,74.1,389.77,4246,32.3,21.9,20.1,8616.63,9381.52,1755.73,1434,574.5,321.73,3633.59,2452.377,1893.38,106.1,109.3,101.2,101.7,106.16,101,100.9,100.9,3.25,6,6,2068.88,844.8,7.9681,6.3144,104.26,5146.77,29330.98,93640.43,896846.62,7881.283378,33.89,34301.636,5182.054,40257.084,17175,11987,1464.375,10824.431,16098.768,5917.103,2102.965
2012/11/30,110.1,5747.1,184.9,56.88,401.05,4188,30.5,21.1,20.4,12159.68,6760.09,1794.19,1599.28,562.2,194.91,3633.88,2479.73,1847.67,105.1,109.4,98.6,102,108.59,101.4,101.1,101.1,3.25,6,6,1980.117,752.84,7.7618,6.2953,105.22,5239.21,29688.3,94483.24,901585.93,7288.845958,33.89,31939.363,5013.475,39543.693,17418,10628,1356.767,10587.786,15661.701,6463.563,1616.781
2012/12/31,110.3,5765.6,191.7,50.11,432.72,4177,32.19,20.15,20.57,20816.41,7049.31,1991.78,1681.45,NA,310.32,NA,2565.42,2033.42,103.7,107.6,97.8,102.5,107.76,101.9,101.5,101.4,3.25,6,6,2269.128,881.169,7.4973,6.29,105.35,5465.98,30866.42,97414.88,917554.77,8487.571246,33.89,28690.993,4288.387,34857.58,14821,10829,1411.217,10308.632,14528.814,7394.544,1983.253
2013/01/31,NA,6362.2,NA,45.38,434.11,4168,NA,NA,NA,8367.26,12025,1872.8,1593.3,600.01,279.51,3367.78,2571.46,1937.33,104.5,110.1,96.1,102,112.3,101.7,101.3,101.1,3.25,6,6,2385.422,936.208,7.0278,6.2787,106.19,6244.96,31122.86,99212.93,929345.33,6251.79034,33.89,34156.828,4645.055,37193.69,15950,8552,1235.329,9382.568,14682.238,6570.152,1509.793
2013/02/28,109.9,6183,NA,36.63,323.21,4122,37.4,15.6,25,7737.62,7568.65,1393.09,1245.07,523.31,148.01,3014.98,2219.34,1843.65,108.2,113.3,100.6,103.2,108.62,102.6,102.1,101.9,3.25,6,6,2365.593,966.416,6.7348,6.2842,107.29,6031.37,29610.32,99860.08,937065.14,5546.37658,33.89,29464.729,3993.641,32742.986,12034,9035,1364.134,9133.212,14442.59,6559.935,1612.12
2013/03/29,108.9,6629.6,229,47.782,419.429,4158,31.4,16.2,24.5,10931.86,7805.55,1821.31,1830.94,609.9,-9.63,3491.3,2544.881,1764.12,102.6,107.9,94.5,102.1,107.23,101.3,100.8,100.6,3.25,6,6,2236.621,927.894,6.6062,6.2743,108.85,5546.05,31089.83,103585.84,979300.53,5507.977502,33.89,26615.301,3561.058,27294.354,14182,11694,1347.529,9532.545,16051.239,7621.305,1898.84
2013/04/30,109.3,6565,203.2,50.25,399.44,4149,32.1,16.3,23.9,9307.95,10168.87,1868.59,1687.36,607.33,181.23,3564.4,2333.001,1760.03,103.7,108.1,97.1,102.4,100.65,101.3,100.9,100.8,3.25,6,6,2177.912,912.618,6.3673,6.2471,109.8,5560.72,30764.84,103255.19,978299.69,4686.605417,33.89,27339.349,3680.106,33131.952,14773,10213,1452.205,8949.329,16504.606,7624.237,1540.734
2013/05/31,109.2,6703.4,192.8,65.62,410.414,4173,31.1,15.7,23.9,10265.61,11410.91,1826.85,1621.46,621.87,205.39,3726.49,2364.568,1888.63,99,102.7,93.4,102.1,98.78,101.1,100.7,100.6,3.25,6,6,2300.595,1035.8,6.1261,6.197,111.56,5443.14,31020.45,104216.92,993113.83,4712.010348,33.89,29771.102,4227.975,36618.173,14423,10348,1486.583,8751.107,16019.948,7943.919,1763.003
2013/06/28,108.9,6466.4,185.2,81.48,425.261,4255,33.5,15.6,23.5,13103.69,10281.63,1742.43,1471.32,608.37,271.11,3773.61,2282.954,1882.67,97,100.5,91.7,102.7,100.78,101.8,101.4,101.3,3.25,6,6,1979.206,887.68,6.3293,6.1718,111.85,5406.39,31349.98,105440.37,1009122.27,4375.30393,33.89,28541.494,4145.618,35886.378,13648,11097,1369.457,9216.233,16090.126,7230.41,1501.509
2013/07/31,109.7,6547.4,170.8,85.41,479.452,4040,32.8,16,23.1,9354.51,10171.42,1859.31,1682.83,614.09,176.48,3799.19,2328.221,1851.32,97.2,101,91.4,102.7,104.97,102.1,101.7,101.5,3.25,6,6,1993.798,942.965,6.1831,6.1725,112.77,5441.28,31059.65,105221.23,1006548.49,5415.022344,33.89,31756.397,4402.149,38800.935,14961,11066,1516.582,8723.256,17769.019,7125.61,1291.36
2013/08/30,110.4,6627.6,179.6,84.17,498.7,4082,32,16.6,23,9607.61,7148.99,1905.53,1625.3,616.68,280.23,3831.92,2410.56,1888.62,97.8,101.6,92.1,102.6,111.55,102.1,101.6,101.4,3.25,6,6,2098.382,996.701,6.2977,6.1708,112.17,5492.53,31408.59,106125.64,1014623.66,6001.675814,33.89,32028.112,4778.14,39161.966,14558,11429,1193.618,9350.735,15817.167,7802.512,1418.867
2013/09/30,110.2,6542.2,207.3,78.3,431.04,4136,31.1,17.1,22.3,12856.22,7831.09,1853.32,1707.9,614.07,145.42,3942.8,2446.04,2065.33,99.8,103.5,94.2,103.1,105.61,102.4,101.9,101.7,3.25,6,6,2174.665,1056.551,6.1972,6.1588,112.05,5649.25,31233.03,107737.92,1030891.62,5727.984329,33.89,33562.008,5210.532,40146.83,16971,10692,1659.253,9523.483,16237.021,7862.079,1606.395
2013/10/31,110.3,6507.9,208.5,69.43,430.52,4222,30.6,17.6,21.6,10507.35,10892.55,1853.64,1543.61,611.83,310.04,4014.29,2565.701,2149.13,102.9,107.5,96,103.2,106.75,102.2,101.9,101.8,3.25,6,6,2141.614,1021.042,6.2606,6.1393,110.97,5559.57,31950.94,107024.22,1026864.61,6340.178409,33.89,35367.895,5513.934,41844.765,16939,11728,1743.877,13145.145,18402.157,8538.215,1998.275
2013/11/29,110,6087.8,228.4,58.9,439.182,4232,31.7,17.3,21.5,12657.53,7572.16,2021.59,1684.74,605.99,336.85,3997.24,2515.009,2101.19,98.9,102.7,93.3,103,107.07,102,101.7,101.6,3.25,6,6,2220.504,1089.603,6.1333,6.1372,111.88,5644.13,32482.19,107925.71,1032336.46,4994.617742,33.89,32532.652,5515.291,40112.718,16859,11440,1617.454,13027.109,17565.012,8045.39,1906.71
2013/12/31,109.7,6235.3,229.8,54.35,477.963,4228,32.5,17.4,21,25046.79,7620.18,2073.96,1822.75,NA,251.21,NA,2592.156,2305.97,102.3,106.8,95.5,102.5,107.94,101.5,101.2,101.2,3.25,6,6,2115.978,1057.665,5.8995,6.116,112.8,5857.44,33729.11,110652.5,1043846.86,6681.00152,33.89,31150.273,4842.216,37499.587,15485,11758,1802.734,12986.427,17152.04,8513.696,1845.212
2014/01/31,NA,NA,NA,NA,NA,4182,NA,NA,NA,10153.31,13905.51,2070.92,1750.64,651.86,320.28,3373.93,2479.601,2166.42,101.1,105,95.4,102.5,104.45,101.2,101.1,101.1,3.25,6,6,2033.083,1081.269,5.8544,6.1043,113.82,7648.86,31490.06,112352.12,1034418.22,8192.551908,33.89,35555.823,5452.273,38278.607,18376,8296,1887.182,10266.142,16806.835,7229.051,1219.632
2014/02/28,108.6,NA,NA,41.762,383.358,4215,20.9,13.7,20.8,6913.39,8282.02,1140.87,1365.68,556.1,-224.81,2087.3,2086.494,2061.65,103.1,107,97.4,102,105.92,100.7,100.8,100.8,3.25,6,6,2056.302,1090.865,5.9614,6.1128,113.41,6232.1,31662.51,113176.08,1054363.65,8244.137388,33.89,31318.449,4259.286,30617.132,11639,10517,1873.687,9766.422,16949.399,7083.906,1251.29
2014/03/31,108.8,7024.7,236.3,53.403,452.768,4167,25.8,14.7,19.6,13365.77,8000.3,1700.81,1620.7,663.78,80.1,3569.4,2353.245,1980.06,107.9,112.3,101.3,102.4,104.08,101.1,101.2,101.3,3.25,6,6,2033.306,1039.879,6.0057,6.1358,112.58,5832.93,32768.37,116068.74,1091022.27,9348.88986,33.89,30316.903,4433.555,31325.939,16728,11302,1705.512,10921.986,17981.824,7872.195,1514.5
2014/04/30,108.7,6883.5,220.4,61.973,425.022,4142,21.2,14.5,19.2,9409.81,11085.77,1883.88,1696.85,658.96,187.02,3657.52,2180.081,1970.12,104.8,107.4,100.9,101.8,103.95,100.8,100.8,100.8,3.25,6,6,2026.358,1027.575,6.0202,6.1553,111.71,5861.55,32448.25,116881.27,1084476.56,9482.107804,33.89,29818.131,4129.946,36327.58,15195,10674,2048.985,9027.19,18422.797,7916.3,1485.203
2014/05/30,108.8,7043.4,212.5,74.001,441.594,4189,20.8,14,19.5,12789.84,12189.71,1956.43,1593,643.94,363.42,3690.34,2293.068,2124.98,102.3,105.6,97.3,102.5,105.91,101.7,101.6,101.6,3.25,6,6,2039.212,1053.751,6.0726,6.1636,111.19,5805.11,32783.96,118229.4,1098187.07,9157.214824,33.89,32178.086,4783.026,38057.789,13961,10309,2361.333,9220.156,18851.289,6800.163,1657.684
2014/06/30,109.2,6929.3,203.4,87.455,458.071,4272,24.1,14.3,19.5,16521.98,10805.43,1867.82,1549.26,646.13,318.56,3682.98,2210.499,2116.64,104.7,108.9,98.4,102.3,108.59,101.6,101.6,101.6,3.25,6,6,2048.327,1096.784,6.0467,6.1557,111.47,5695.11,34148.75,120958.72,1136074.65,10049.3774,33.89,32977.166,4759.938,39463.716,14408,10737,2292.532,9335.85,18730.564,6884.189,1576.542
2014/07/31,109,6832.4,185.8,113.214,504.794,4091,25.1,13.9,19.2,10256.19,11131.78,2127.55,1654.75,633.94,472.8,3673.7,2237.018,2077.58,104.4,108,98.9,102.3,103.6,101.6,101.6,101.6,3.25,6,6,2201.562,1160.013,6.0652,6.1569,111.46,5734.65,33134.73,119424.92,1116247.35,9319.911503,33.89,36398.783,5285.615,40165.152,14169,11018,2960.343,9288.066,21429.046,6496.185,1434.082
2014/08/29,106.9,6891.3,184.6,117.782,495.931,4129,26.3,13.7,18.2,10203.69,7287.17,2083.42,1585.23,654.82,498.18,3805.84,2336.943,2113.39,103.8,107,99,102,99.99,101.2,101.2,101.2,3.25,6,6,2217.2,1212.256,5.985,6.1606,112.29,5799.76,33202.32,119749.91,1117327.47,10221.94437,33.89,33137.951,5094.852,39920.418,13130,10836,1752.239,9623.121,15890.858,6640.668,1452.535
2014/09/30,108,6754.2,215.1,114.407,454.172,4202,27.7,13.7,17.4,14025.53,8007.48,2134.55,1824.32,633.46,310.23,3949.83,2295.012,2304.24,105.4,108.4,100.9,101.6,94.17,100.6,100.7,100.7,3.25,6,6,2363.87,1333.503,5.7381,6.1528,114.56,5884.5,32722.02,120205.14,1126570.37,10570.46442,33.89,37869.671,5705.587,44923.296,17036,10761,2219.664,9313.012,18515.371,5993.105,1440.177
2014/10/31,107.7,6751.9,219.3,96.717,444.641,4252,28.9,13.4,17.4,9909.78,11805.8,2066.74,1610.52,646.7,456.22,3885,2374.381,2396.72,103.4,107.2,97.8,101.6,81.97,100.7,100.6,100.6,3.25,6,6,2420.178,1350.498,5.71,6.1441,116.16,5769.16,32961.77,119923.63,1124704.8,10108.32106,33.89,37159.384,6240.754,45146.128,16836,11376,2024.186,12629.897,19061.902,6384.987,1567.694
2014/11/28,107.2,6330.3,232.7,74.594,448.721,4319,29.9,13.3,17.1,12758.58,8096.7,2116.33,1567.79,642.2,548.54,3925.33,2354.402,2347.47,105.5,109,100.3,101.4,68.89,100.5,100.4,100.4,3.25,5.6,5.6,2682.835,1420.319,5.29,6.1432,119,5843.85,33511.41,120860.6,1131415.46,9689.669485,33.89,32470.037,5501.177,42309.826,15057,9905,2928.951,12117.656,18016.194,5868.024,1374.6
2014/12/31,107.9,6809.1,225.3,59.604,490.218,4344,33.9,13.2,16.8,25353.67,8560.34,2273.72,1775.93,NA,497.79,NA,2322.565,2580.13,105.8,109.1,100.9,101.5,52,100.4,100.4,100.4,3.25,5.6,5.6,3234.677,1415.191,5.14,6.1238,121.55,6025.95,34805.64,122837.48,1138644.64,9843.200421,33.89,31751.811,4906.486,40218.873,14354,10616,1882.099,12166.168,17838.888,5888.015,1529.113
2015/01/30,NA,6880.6,NA,NA,NA,4232,NA,NA,NA,8136.78,14278.99,2037.38,1409.79,681.01,627.58,3640.76,2311.725,2457.69,105.7,109,100.8,100.8,44.83,99.6,99.6,99.5,3.25,5.6,5.6,3210.363,1512.388,5.2,6.1272,123.43,6304.05,34810.95,124271.02,1224060.36,12285.56,33.89,35388.217,5412.753,38158.386,15059,8805,1244.539,9552.002,13795.529,5185.238,1060.05
2015/02/27,106.8,6172,176.6,47.176,365.385,4218,36.3,11.5,14.8,10728.38,8082.11,1712.93,1084.61,574.56,628.33,2322,1796.595,2341.56,109.8,113,105.1,101.4,56.83,100,99.9,99.9,3.25,5.6,5.6,3310.303,1630.051,5.2,6.1339,124.45,7289.62,33443.92,125738.05,1223250.98,12216.28,33.89,32543.361,4917.898,31240.096,14013,7496,1351.457,8699.84,13693.819,4981.526,1132.071
2015/03/31,105.6,6948.3,245.1,67.633,451.061,4256,32.8,11,14.7,13950.11,8202.2,1464.82,1421.75,650.8,43.07,3479.9,2080.96,2272.28,107.1,110.3,102.3,101.4,51.06,100.2,100,99.9,3.25,5.35,5.35,3747.899,1958.403,5.13,6.1506,126.18,6194.98,33721.05,127533.28,1248866.33,11612.05,33.89,32978.713,4793.657,41121.903,11460,9975,2286.924,9887.218,16195.419,4787.401,1343.235
2015/04/30,105.9,6891,209.6,70.202,445.026,4258,26.4,9.8,13.2,12534.5,11727.41,1780.51,1429.18,654.55,351.33,3765.16,1960.42,2238.51,107.6,110.9,102.7,101.5,62.21,100.3,100.1,100,3.25,5.35,5.35,4441.652,2267.773,5.14,6.1302,125.72,6077.25,33638.82,128077.91,1257577,10137.39,33.89,26055.185,4085.661,35795.123,13373,9375,2889.576,9316.821,16673.163,4498.393,1507.006
2015/05/29,106.1,6995.3,198.4,76.699,456.218,4271,27.8,9.6,12.1,13124.15,12239.83,1920.04,1314.78,670.15,605.25,3894.7,2001.216,2419.48,109.9,113.4,104.6,101.2,60.47,100.1,99.9,99.8,3.25,5.1,5.1,4611.742,2793.254,5.08,6.1143,125.05,5907.6,34308.59,130735.76,1289898.03,9397.53,33.89,28930.506,4407.406,39211.151,11963,8779,2895.355,8758.793,15993.813,5328.451,1412.152
2015/06/30,106.8,6894.6,194.9,102.8438,474.527,4408,27.8,9.3,12.4,18814.02,11976.06,1910.84,1448.8,675.1,462.04,3810.88,1899.426,2428.03,105.54,108,101.78,101.4,58.79,100.3,100,100,3.25,4.85,4.85,4277.219,2464.226,4.96,6.1161,126.17,5860.43,35608.29,133337.54,1318291.89,8836.15,53.32,31672.084,4635.049,41145.134,12716,9373,2888.297,9687.81,17317.672,5748.426,1399.861
2015/07/31,106,6583.6,156.2,109.8442,508.962,4263,28.2,9,12.1,12732.37,12286.69,1934.77,1515.05,664.44,419.72,3847.2,1914.85,2434.39,104.48,106.98,100.78,101.6,50.51,100.5,100.2,100.1,3.25,4.85,4.85,3663.726,2110.622,4.98,6.1167,127.56,5901.07,35312.22,135321.09,1339998.38,8745.32,53.93,33602.149,5403.924,41077.232,13421,9570,2510.812,9500.666,17408.888,5405.182,1371.573
2015/08/31,106.1,6694.4,162.8,104.6006,515.531,4278,28.5,8.5,11.9,12843.51,7539.19,1960.83,1364.96,662.63,595.87,3946.59,1931.769,2490.05,104,106.8,99.7,102,47.01,100.7,100.4,100.3,3.25,4.6,4.6,3205.985,1790.31,5.12,6.3056,124.98,5906.18,36279.37,135690.8,1340529.95,8624.94,54.45,31809.748,5056,44117.217,12587,8626,2224.764,9166.684,13790.022,5079.129,1275.958
2015/09/30,105.7,6611.8,195.1,107.4519,454.776,4317,27.4,8,11.2,17798.71,8299,2049.23,1453.17,642.64,596.06,4102.44,1864.36,2527.06,105.6,108.5,101.1,101.6,43.58,100.4,100.1,100,3.25,4.6,4.6,3052.781,1716.78,5.3,6.3691,123.89,6102.3,36441.69,135982.41,1337338.03,9767.81,54.93,35754.663,5505.142,45700.621,15353,9237,2362.687,9423.664,16444.401,5249.507,1201.101
2015/10/30,105.6,6612.4,219.4,99.4676,445.355,4259,28.1,8,11,13491.42,12022.95,1921.9,1309.03,636.75,612.87,4063.04,1975.823,2827.89,103.8,106.4,99.9,101.3,43.66,100.2,100,99.9,3.25,4.35,4.35,3382.561,2014.86,5.29,6.3486,123.48,5990.05,37580.64,136102.07,1343123.47,9438.21,55.38,36757.555,6687.118,44358.024,14374,9864,2246.699,11384.346,16168.369,4979.472,1393.463
2015/11/30,106.2,6331.5,255.1,77.6179,466.041,4297,28.7,8.1,11,16069.43,8775.38,1965.93,1426.16,631.26,539.76,4135.89,1928.459,2793.73,104.1,106.6,100.2,101.5,38.93,100.4,100.2,100.2,3.25,4.35,4.35,3445.405,2203.606,5.2,6.3666,125.08,6032.82,38761.83,137395.6,1357391.28,9740.32,56.05,32803.57,5431.521,41940.545,13474,8626,2228.951,10681.011,15504.749,4922.922,1345.597
2015/12/31,105.9,6437.2,263.2,67.746,491.033,4275,31.8,8,10.6,25544.4,9462.19,2231.36,1635.06,NA,596.31,NA,2088.707,2863.46,103.7,105.8,100.6,101.6,31.27,100.6,100.4,100.4,3.25,4.35,4.35,3539.182,2308.907,5.3,6.4476,123.52,6321.66,40095.34,139227.81,1357021.61,10061.8,56.66,31407.907,4890.833,38015.331,12806,9490,2296.571,10127.407,15797.429,4608.652,1357.09
2016/01/29,NA,NA,NA,NA,481.247,4166,NA,NA,NA,10134.12,15107.74,1692.55,1125.91,675.73,566.64,3372.1,1991.15,2710.55,104,106.6,100.3,101.8,29.11,100.5,100.2,100.1,3.25,4.35,4.35,2737.6,1689.43,5.55,6.5527,121.92,7252.65,41268.56,141631.96,1377548.53,17504.47719,57.18,33955.921,5293.493,37145.652,14159,7271,1391.517,8212.124,12789.584,3766.306,1132.55
2016/02/29,105.4,NA,NA,NA,388.926,4150,34.3,7.9,11.1,11036.15,8759.53,1218.46,936.33,593.41,282.13,2105,1634.001,2580.48,104.4,106.9,100.7,102.3,30.13,101.3,100.9,100.9,3.25,4.35,4.35,2687.979,1643.355,5.68,6.5311,121.21,6942.15,39250.47,142461.87,1386015.76,16566.78596,57.5,32206.451,4507.049,36160.813,11445,8115,1313.358,8048.746,14037.041,4075.244,1189.427
2016/03/31,106.8,7065.3,255.4,74.74,477.884,4091,25.5,7.3,12.6,16788.04,9086.6,1550.98,1303.13,670.96,247.85,3317.33,1989.07,2511.41,100,103.4,94.9,102.3,34.33,101.1,100.7,100.7,3.25,4.35,4.35,3003.915,1912.209,5.76,6.5064,120.19,6465.12,41158.13,144619.8,1411182.76,17761.77897,57.79,30861.314,4280.07,29852.739,12987,9869,1685.057,8952.284,15853.012,4933.074,1343.014
2016/04/29,106,6942.1,220.2,77.9,444.45,4039,21.7,7.3,12.4,13109.32,13781.72,1666.89,1269.98,678.24,396.91,3598,1859,2464.58,101,104.7,95.5,102.3,42.7,101.1,100.7,100.7,3.25,4.35,4.35,2938.324,1873.993,5.9,6.4762,118.56,6440.32,41350.48,144520.96,1419505.54,20513.17293,58.14,28254.025,4454.151,32973.17,12106,9412,1449.769,8667.086,16472.578,4772.39,1209.786
2016/05/31,106,7050.4,208.72,93.18,463.59,3977,20.6,5.8,11.9,15460.51,13251.66,1757.1,1309.96,687.68,447.14,3694.26,1869.859,2661.07,99.8,102.8,95.2,102,45.15,100.6,100.3,100.2,3.25,4.35,4.35,2916.616,1872.359,6,6.5315,118.11,6278.07,42425.07,146169.51,1437811.1,22047.36265,58.14,30473.01,4605.641,37535.22,11953,8270,1664.774,8518.274,14978.811,5284.079,1206.679
2016/06/30,106.2,6946.9,211.3,106.5,490.79,4038,21.1,4.4,11.7,22636.87,12248.59,1766.05,1314.47,680.2,451.58,3654,1805.89,2685.74,102.9,105.5,99.1,101.9,46.27,100.5,100.3,100.2,3.25,4.35,4.35,2929.606,1974.239,6.2589,6.5874,116.35,6281.89,44364.37,149049.18,1462397.28,25334.91399,58.62,32173.807,4822.43,38578.986,13078,9895,1690.622,8822.711,16971.63,5466.239,1282.495
2016/07/29,106,6680.7,197.8,123.65,550.61,3941,20.6,3.5,10.8,12768.27,12721.34,1806.59,1320.51,677.81,486.09,3630.58,1848.72,2682.74,106.8,109.8,102.3,101.8,38.97,100.4,100.4,100.3,3.25,4.35,4.35,2979.339,1941.555,6.4159,6.6774,114.76,6327.6,44293.44,149155.87,1467468.74,25546.48676,58.79,30975.416,4368.039,39487.145,12476,9907,1393.236,9156.896,15614.318,4563.524,1224.548
2016/08/31,106.3,6857.1,204,110.62,561.72,3878,21.5,3,11.2,14186.78,7680,1888.31,1386.01,683.56,502.29,3771.97,1997.29,2753.96,105.6,108.3,101.6,101.3,43.91,100.3,100.4,100.4,3.25,4.35,4.35,3085.491,2032.873,6.5688,6.6474,113.93,6345.47,45454.36,151098.29,1485219.95,26909.91045,58.95,34190.995,4910.674,43247.262,12972,9570,1340.909,9393.853,14576.943,4030.782,1363.542
2016/09/30,106.1,6817,257.6,95.22,491.28,3892,21.8,3.3,11.1,19836.17,8243.35,1834.4,1425.03,667.41,409.37,3903.33,2045.649,2797.64,104.6,107.6,100.2,101.9,44.63,100.9,101,101,3.25,4.35,4.35,3004.703,1995.607,6.5517,6.6715,113.77,6506.86,45434.03,151636.05,1485214.41,28660.28564,59.11,36111.115,5912.362,42022.71,15100,9741,1751.93,9559.886,15960.984,4127.345,1179.649
2016/10/31,106.1,6850.8,240.9,92.51,487.58,3784,22,2.9,11.5,11818.54,12891,1768.36,1284.2,681.22,484.17,3908.62,2186.445,3111.92,107.2,110.2,102.6,102.1,45.83,101,101.1,101.1,3.25,4.35,4.35,3100.49,2050.28,6.5082,6.7442,113.72,6421.49,46544.66,151948.54,1497354.38,28949.76826,59.24,34910.808,5300.751,43807.056,13653,10353,1447.257,12697.992,15573.082,5087.566,1413.282
2016/11/30,106.2,6629,300,80.4,503.41,3918,21.9,3.3,11.3,18063.87,8554,1935.61,1493.17,676.78,442.44,4108.99,2208.384,3095.85,108.6,111.5,104.3,102.3,44.8,101.5,101.5,101.5,3.25,4.35,4.35,3250.03,2106.91,6.3202,6.8375,114.33,6490.35,47540.55,153043.21,1504229.29,29910.29353,59.24,33840.192,5321.203,42620.455,13829,10250,1341.461,12119.28,16910.693,5986.399,1554.991
2016/12/30,106,6721.9,298.2,65,532.89,3937,21.1,3.5,10.9,22002.36,8028.13,2090.97,1685.99,NA,404.98,NA,2356.22,3175.68,108.4,111.5,103.7,102.1,53.3,101.6,101.5,101.5,3.25,4.35,4.35,3103.64,1969.11,5.9693,6.9182,115.41,6830.39,48655.72,155006.67,1505863.83,31578.87499,59.24,31607.229,5074.644,39381.793,12803,11226,1550.379,11625.99,17903.202,7424.485,1719.843
2017/01/31,NA,NA,NA,NA,NA,3855,NA,NA,NA,13935.36,18119,1802.73,1315.96,708.03,486.77,3391.6,2237.419,2969.06,109.2,112.4,104.4,102.5,52.19,102,101.9,101.9,3.25,4.35,4.35,3159.17,1917.32,5.9973,6.8918,115.27,8659.86,47252.65,157594.56,1520724.23,37113.6625,59.24,35489.978,5058.699,41376.338,15665,7730,1607.772,10071.931,14907.775,5715.708,1534.21
2017/02/28,106.3,NA,NA,NA,527.19,3803,19.1,2.9,12.2,10924.32,9713.61,1188.48,1297.87,644.04,-109.39,2539.2,2054.588,2826.94,112.6,116.2,107.3,100.8,53.4,100.6,100.7,100.7,3.25,4.35,4.35,3241.73,2001.32,6.0793,6.8713,114.34,7172.77,47652.76,158291.31,1543813.97,38017.37203,59.24,30072.263,4006.778,32763.353,9555,10583,1660.286,9797.826,16124.181,5929.254,1299.031
2017/03/31,107.6,7199.5,269.5,72.52,516.89,3843,19.8,4.2,12.2,21057.48,9960.9,1792.48,1565.41,728.16,227.07,3683.78,2379.013,2786.37,111,114.2,106.2,100.9,50.43,100.7,100.7,100.7,3.25,4.35,4.35,3222.51,1986.47,6.1107,6.8932,113.66,6860.51,48877.01,159960.96,1556487.07,38146.66249,59.24,31833.388,4256.401,34204.696,14329,11498,1891.813,9625.836,19643.573,7231.547,1757.171
2017/04/28,106.5,7277.7,220.9,74.3,476.7,3863,19.1,3.5,12.1,13636,14458.24,1777.63,1412.51,723.98,365.12,3944.95,2149.584,2727.85,113.4,116.4,108.8,101.2,49.3,100.9,100.9,100.9,3.25,4.35,4.35,3154.66,1906.92,6.2569,6.8845,112.78,6839.26,49018.04,159633.19,1559117.58,37928.79823,59.24,29247.07,4327.256,37471.938,12993,10791,2083.45,9839.701,16279.44,6175.864,1397.771
2017/05/31,106.5,7226,218.2,88.59,494.7,3822,16.9,3.6,11.6,16915,14102.2,1890.88,1491.66,744.15,399.22,4058.9,2173.058,2945.92,112,114.7,107.9,101.5,48.69,101.1,101.1,101.1,3.25,4.35,4.35,3117.18,1808.3,6.1405,6.8827,112.35,6733.32,49638.98,160136.04,1570194.04,38842.36353,59.24,34972.805,4733.667,41801.61,12732,9950,1904.246,10193.3,19073.597,6632.337,1380.483
2017/06/30,107.6,7323.1,225,104.4,520.3,3947,16.5,4,11.3,27016,13720,1947.56,1535.37,729.06,412.19,4090.75,2160.049,2980.76,113.3,116.4,108.5,101.5,45.63,100.9,100.9,100.9,3.25,4.35,4.35,3192.43,1897.69,6.1423,6.8019,113.02,6697.77,51022.82,163128.25,1596635.61,40006.61723,59.24,34043.177,4686.272,42291.924,13092,11252,1604.956,9710.267,18727.283,5626.729,1404.075
2017/07/31,106.4,7402.1,207.3,124.6,604.7,3832,14.4,3.4,11.3,13496,14429.2,1921.2,1472.69,736.79,448.51,4082.19,2208.995,2960.98,114.6,117.4,110.4,101.4,49.97,100.9,100.7,100.6,3.25,4.35,4.35,3273.03,1879.1,6.0271,6.7654,113.03,6712.9,51048.46,162899.66,1604795.21,39915.24338,59.24,36512.358,4899.566,43601.724,13058,10779,1773.729,10045.625,19037.243,5997.876,1463.82
2017/08/31,106,7459.4,213.4,116.8,594.5,3760,12.2,3.2,10.6,14647,8906.97,1980.44,1579.97,729.91,400.47,4203.08,2261.913,3032.97,114.7,117.6,110.2,101.8,49.41,101.5,101.1,101.1,3.25,4.35,4.35,3360.81,1944.94,6.0766,6.6736,113.47,6755.1,51811.39,164515.66,1618425.55,41456.67418,59.24,38114.336,5145.882,45819.486,13284,11090,1250.983,10925.093,18995.814,6724.44,1294.218
2017/09/29,106.6,7182.7,291.8,112.2,522,3779,11.8,2.6,10.5,20246,9690.86,1979.44,1705.67,714.04,273.77,4339.86,2273.242,3087.03,118.6,121.9,113.7,101.6,55.2,101.4,101,100.9,3.25,4.35,4.35,3348.94,1988.49,5.9364,6.5634,114.81,6974.85,51786.3,165566.21,1622757.71,43235.43597,59.24,39377.365,5920.537,45442.008,14157,11598,1658.925,10804.187,19502.964,7182.169,1515.906
2017/10/31,106.2,7236.2,260.1,107.9,503.8,3769,13.1,2.7,10,11122,14192.03,1879.03,1510.04,722.75,368.99,4221.87,2380.473,3424.09,123.9,127.6,118.4,101.9,58.53,101.8,101.3,101.3,3.25,4.35,4.35,3393.34,2002.28,5.8727,6.6154,115.04,6823.07,52597.72,165343.42,1633318.72,43551.40308,59.24,39447.073,5705.32,48197.428,14350,11989,1640.983,12967.947,19400.078,6480.798,1539.147
2017/11/30,106.1,6615.1,310.7,87.3,519.6,3820,11.4,2.6,10.1,16566,8779.02,2158.39,1774.05,702.5,384.34,4432.86,2350.743,3410.82,121.3,124.6,116.3,101.7,61.06,101.6,101.3,101.2,3.25,4.35,4.35,3317.19,1901.86,5.8733,6.6186,114.82,6862.32,53556.5,167001.34,1648973.59,44871.05801,59.24,39916.804,5869.135,48148.766,16037,12211,2376.06,12718.227,21432.434,5919.658,1686.375
2017/12/29,106.2,6704.7,305.4,73.6,569.9,3764,11.8,3.2,9.5,23769,8288.54,2315.23,1776.72,676.05,538.51,4159.02,2333.127,3473.41,122.6,125.9,117.6,101.8,64.47,101.7,101.4,101.4,3.25,4.35,4.35,3307.17,1899.34,5.8365,6.5942,114.78,7064.56,54379.01,167676.85,1641044.22,47999.58021,59.24,35576.293,4944.59,44477.793,15103,13346,1766.317,13669.589,20339.625,7071.045,1739.436
2018/01/31,NA,NA,NA,NA,NA,3763,NA,NA,NA,12928,21476.44,1994.9,1810.7,767.31,184.2,3863.54,2407.948,3128.72,122.3,125.7,117.2,101.5,66.28,101.6,101.3,101.2,3.25,4.35,4.35,3480.83,1877.82,5.7999,6.4364,115.64,7463.63,54324.71,172081.45,1679728.17,51454.32071,59.24,44849.267,5531.076,45788.041,15704,10473,1610.332,9835.259,19477.268,6231.612,1307.281
2018/02/28,107.2,NA,NA,NA,NA,3753,27.8,2.4,10.2,16134,11475.4,1706.4,1383.4,677.06,323,2442.73,2068.271,2979.48,124,127.4,119,102.9,63.97,102.6,102,101.9,3.25,4.35,4.35,3259.41,1811.78,5.8597,6.3162,116.95,8142.42,51703.6,172907.01,1676717.15,52291.40489,59.24,35603.671,4438.273,39067.602,13953,10012,1546.929,9806.093,17476.2,6689.737,1341.435
2018/03/30,106,7398,270.2,66.5,528.3,3758,24.2,2,10,21935,11379.8,1739.1,1796.6,741.28,-57.5,3916.01,2433.62,2919.36,122.3,125.7,117.1,102.1,66.05,101.9,101.4,101.4,3.25,4.35,4.35,3168.9,1853.72,5.9602,6.322,116.51,7269.26,52354.01,173985.95,1691816.02,53003.13818,59.24,35918.088,4757.717,38256.735,12731,13583,2257.763,12382.086,21867.715,6941.086,1711.133
2018/04/30,107,7669.8,245,70.2,510.8,3774,16.8,2.5,9.3,14696,16566.64,1989.5,1726.7,765.36,262.8,4235.16,2182.073,2854.19,122.9,126.5,117.5,101.8,71.01,101.7,101.4,101.3,3.25,4.35,4.35,3082.23,1776.13,5.858,6.2975,117.4,7147.65,52544.78,173768.37,1697167.94,52197.55722,59.24,33127.804,4231.476,38230.01,13617,12245,2542.702,10268.035,20407.263,7111.826,1701.704
2018/05/31,106.8,8112.7,238.8,92.4,544.3,3761,15.2,2.5,7.7,17003,15911.91,2116.1,1881.8,796.27,234.3,4402.03,2409.104,3035.91,122.9,126.1,118.1,101.8,75.17,101.8,101.5,101.5,3.25,4.35,4.35,3095.47,1767.55,5.8123,6.3758,118.34,6977.48,52627.67,174306.38,1710215.61,54074.64421,59.24,35218.626,4558.771,43797.37,14162,11599,3203.679,10610.818,21146.765,7525.416,1770.921
2018/06/29,106,8019.6,233.9,106.5,555.1,3857,13.5,3.8,6.8,28897,14818.34,2156.2,1747,787.76,409.2,4349.78,2379.527,3084.16,118.2,121.2,113.7,101.9,75.69,102,101.8,101.8,3.25,4.35,4.35,2847.42,1607.62,5.8787,6.4556,117.63,6958.93,54394.47,177017.84,1731176.11,55887.17093,59.24,35950.295,4609.475,44599.463,13217,12597,2848.351,11115.623,21661.398,7747.61,1673.376
2018/07/31,106,8124.1,206.4,129.1,640,3732,13.7,3.9,6,13944,16080.7,2144.2,1869.8,776.97,274.4,4334.35,2420.731,3073.37,119.7,122.5,115.5,102.1,73.62,102.3,102.2,102.2,3.25,4.35,4.35,2876.4,1576.41,6.0281,6.7034,113.93,6953.06,53662.43,177619.61,1741463.5,56131.95469,59.24,41045.711,5373.341,47096.008,14074,12165,2169.945,10261.688,20779.144,6707.72,1611.512
2018/08/31,106.1,8032.6,203.2,127.1,640.5,3768,14.2,4.3,5.5,15137,9508,2169.6,1907.1,777.7,262.5,4507.43,2423.148,3154.23,118.6,121.9,113.8,102.3,75.74,102.4,102.3,102.2,3.25,4.35,4.35,2725.25,1451.38,6.1704,6.8433,112.19,6977.54,53832.46,178867.04,1752364.77,57716.54098,59.24,40602.62,5430.43,47863.906,13943,12302,2806.305,9294.344,20340.857,7218.627,1515.774
2018/09/28,105.8,8084.5,242.6,114.4,548.3,3694,11.7,5.2,5.3,22616,10269,2254.3,1949.9,770.31,304.4,4689.51,2474.834,3200.54,118.5,121.9,113.5,102.5,81.48,102.8,102.6,102.6,3.25,4.35,4.35,2821.35,1441.54,6.1175,6.8448,112.24,7125.43,53857.41,180166.56,1761267.23,60254.74754,59.24,39591.392,5728.879,50032.121,14589,11276,2792.49,9789.081,21053.879,7138.309,1981.885
2018/10/31,105.9,8255.2,237,112.1,533,3789,13.4,5.8,5.4,12031,13464,2148,1816.7,766.71,331.3,4624.15,2567.729,3553.44,119.1,122.3,114.4,102.5,75.24,102.8,102.8,102.8,3.25,4.35,4.35,2602.78,1294.22,6.1449,6.9246,111.53,7010.66,54012.84,179556.16,1764802.43,61670.02056,59.24,45771.907,6631.48,52232.992,16699,13084,2248.322,9130.52,22705.207,7610.184,2188.367
2018/11/30,105.4,7762.1,258.2,87.9,554.3,3779,12.2,6.2,5.6,16431,8051,2243.3,1824.7,754.82,418.6,4722.66,2555.677,3525.97,122.1,125.3,117.3,102.2,58.33,102.2,102.2,102.1,3.25,4.35,4.35,2588.19,1337.74,6.1279,6.9351,111.89,7056.33,54349.87,181317.51,1774309.53,64230.81521,59.24,42596.328,6582.355,46525.682,15961,12877,1945.325,8664.895,21895.755,7960.857,2088.393
2018/12/31,105.7,7612.1,252.6,71.8,620,3845,12.9,6.2,5.5,29154,7399.77,2212.49,1641.94,741.97,570.56,4527.74,2497.769,3589.3,123,126.3,118.2,101.9,51.55,101.6,101.4,101.4,3.25,4.35,4.35,2493.9,1267.87,6.1385,6.8853,112.68,7320.84,55168.59,182674.42,1775225.73,65432.7213,59.56,35008.252,4898.144,46013.499,14962,11840,1581.036,9182.982,18781.044,8077.18,2327.278
