1996/03/31,10.44,112.2,7.86,8.329,109.8,12.06,104.07,57498.77,429.21,495.43,111.35,816.9,2390.9,6451.1,79.44,20.08,12.06,186,107.9,107.7,107.6,554.04,111.844,68,117.1,115.7,119.5,3020,4.56,1811.31,218,81824,85.428,14.1,14.7,17.8,99.34,99.25,812.53,14.86,13.51
1996/04/30,10.44,113.7,7.74,8.3313,109.7,12.06,113.82,59316.48,517.63,609.3,109.26,789.49,2414.5,6572.3,79.82,20.27,12.06,185.5,107.7,107.4,107.2,707.61,153.585,71,116.9,116.1,118.4,3195,1.45,2010.13,230,85002,88.84,13.5,15.7,23,99.51,99.83,826.31,15.49,17.24
1996/05/31,9,113.1,7.83,8.3282,108.9,10.98,121.55,60508.23,573.17,478.88,120.1,770.6,2446.3,6688,79.92,19.65,10.98,189.8,106.8,106.5,106.2,646.91,155.391,69,117,115.8,118.9,3205,13.57,2056.01,226,86616,88.465,25.3,28.2,20.6,99.63,99.67,835.32,13.5,19.19
1996/06/28,9,113.8,7.64,8.3224,108.6,10.98,122.66,61768.7,632.25,536.68,109.09,766.6,2460,6813.2,80.51,19.08,10.98,196.6,106.2,105.9,105.7,804.251,191.672,67,116.8,115.5,118.7,3150,11.21,2116.93,222,89693,90.052,23.8,28.7,20.6,99.62,99.87,820.72,11.05,19.3
1996/07/31,9,112.2,7.6,8.3155,108.3,10.98,124.26,63117.01,629.63,639.84,113.05,780.93,2507.8,6934.6,80.56,18.65,10.98,188.9,106.2,105.8,105.5,845.123,250.95,67,116.2,115,117.8,3130,29.95,2143.75,218,93193,91.365,21.8,26.6,17,99.66,99.73,832.81,10.88,21.09
1996/08/30,9,110.6,7.71,8.3083,108.1,10.08,141.34,64470.87,582.83,485.97,111.39,809.33,2572.94,7230.9,80.25,19.86,10.08,191.6,106.2,105.8,105.4,796.839,245.428,66,116.1,114.9,118.1,3140,31.25,2286.13,222,95363,87.6,27.4,22.7,17.7,99.49,100.76,865.03,12.63,18.73
1996/09/30,9,113.7,7.56,8.3043,107.4,10.08,134.19,65180.51,645.93,566.79,102.94,840.9,2623,6964.3,80.83,22.91,10.08,208.4,105.3,105,104.7,875.525,266.847,67,116.2,114.6,118.7,3165,39.1,2299.13,233,98850,87.39,27.9,20.2,18.3,100.11,101.1,899.94,13.28,16.66
1996/10/31,9,113.3,7.38,8.2997,107,10.08,152.19,66449.13,667.77,654.06,113.09,840.5,2679.82,7315.22,81.49,23.34,10.08,214.8,105,104.7,104.5,1022.86,363.867,67,116.2,114.4,118.8,3190,19.99,2334.6,222,102306,89.212,31.9,20.1,19.2,100.51,101.44,849.88,13.37,14.49
1996/11/29,9,113.4,7.38,8.2992,106.9,10.08,136.21,67253.38,780.06,579.58,116.22,870.5,2742.2,7414.2,81.22,22.34,10.08,229,104.8,104.6,104.4,992.639,416.246,72,115.9,113.5,119,3115,-17.06,2484.24,222,105029,95.824,27.5,13.9,23.5,99.84,101.63,851.61,12.87,13.18
1996/12/31,9,114,7.3,8.2988,107,10.08,183.26,68595.56,1729.64,,200.32,880.2,2851.5,7609.49,81.94,23.29,10.08,284.9,104.6,104.4,104.2,922.348,318.387,69,110.6,115.7,113.3,3210,17.15,2516.18,223,108679,89.138,,,,98.66,101.82,808.74,12.89,16.6
1997/01/31,9,110.3,7.01,8.2956,105.9,10.08,116.92,68341.25,492.29,577.51,99.77,1149.3,3105.63,7833.15,83.21,22.17,10.08,228.9,103.6,103.3,103.1,956.311,354.004,59,109.9,111.5,112.6,3240,21.18,2547.67,201,110315,77.575,151.4,12.2,19.9,98.7,101.57,799.7,10.43,13.75
1997/02/28,9,110.4,6.73,8.2931,105.6,10.08,98.47,70466.88,363.22,409.54,77.29,1008,2970.23,7868.07,85.02,18.5,10.08,221.4,103.3,102.9,102.7,1040.27,365.458,71,109.4,107.9,112,3215,29.49,2665.47,226,112055,93.183,67.5,9.5,16.1,98.77,101.57,926.06,16.18,12.81
1997/03/31,9,113.5,6.75,8.2964,104,10.08,140.47,72275.5,539.4,650.93,110.98,928.2,2962.9,7973.58,85.42,18.47,10.08,213.1,102.1,101.7,101.5,1202.67,424.634,70,109.4,105.1,112.1,3230,35.74,75.47,223,114408,88.262,83.6,11,16.3,98.85,100.94,889.27,16.29,14.42
1997/04/30,9,111.9,6.61,8.2957,103.2,10.08,147.95,73276.75,636.2,707.25,112.21,927.7,2999.09,8067.9,86.02,17.73,10.08,210.1,101.4,101.1,100.9,1352,464.351,72,110,102.8,113,3275,36.34,75.09,227,117575,93.713,98.3,11.3,13.7,98.22,100.66,902.45,15.37,18.5
1997/05/30,9,111.9,6.96,8.2931,102.8,10.08,151.92,73853.75,644.62,641.5,115.58,906.6,3027.51,8116.86,84.93,18.82,10.08,210.8,100.8,100.8,100.8,1270.35,414.799,66,110.7,101.4,114.3,3220,41.53,39.1,223,120941,92.473,85.6,5.1,11.2,97.76,101.1,905.15,14.66,19.11
1997/06/30,9,112.1,7.28,8.2919,102.8,10.08,153.73,75425.69,836.87,764.58,112.2,912.2,3107.47,8281.15,84.4,17.49,10.08,216.5,100.5,100.8,100.9,1250.27,425.867,73,111.3,100.7,115.5,3190,27.55,34.98,224,125946,96.412,76.3,3.7,11.5,97.47,101.06,923.88,12.14,19.82
1997/07/31,9,108.4,7.2,8.2911,102.7,10.08,155.46,76133.19,742.86,786.91,127.91,912.7,3110.03,8345.85,85.37,18.12,10.08,210.3,100.2,100.6,100.9,1141.78,373.591,69,111.4,101.3,116,3190,49.57,33.78,221,130340,97.118,73,4.8,11.8,97.39,101.25,901.76,11.33,20.12
1997/08/29,9,110.9,7.04,8.2894,101.9,10.08,160.27,77136,649.2,549.9,110.7,932.7,3159.49,8474.59,86.82,17.67,10.08,210.4,99.8,100.1,100.3,1213.89,374.737,73,111.2,102.4,116.2,3195,50.83,37.95,222,134070,91.15,59.9,6.7,11.9,97.63,100.27,903.81,13.13,17.6
1997/09/30,9,111.1,6.86,8.2869,101.8,10.08,165.63,78315.44,707.99,589.5,114.8,942.6,3224.46,8589.24,87.26,18.97,10.08,224,99.9,100,100.1,1109.63,335.244,73,110.7,104.7,116,3195,49.75,33.41,229,137897,91.018,60.9,8.4,12.8,97.57,100.13,950.26,13.96,17.24
1997/10/31,8.55,111.8,6.83,8.2837,101.5,8.64,178.17,79134.19,743.23,809.17,128.42,948.9,3242.16,8664.43,87.43,18.82,8.64,234.8,99.5,99.6,99.6,1177.92,379.229,72,110.3,107.1,115.7,3158,46.55,36.31,223,138873,91.654,56.5,8.9,13,96.84,99.8,943.52,14.76,14.12
1997/11/28,8.55,111.6,6.63,8.2814,101.1,8.64,167.52,79907.25,868.37,651.82,120.97,978.46,3290.92,8759.03,89.16,18.28,8.64,245.5,99.1,99.2,99.3,1139.63,366.886,78,110.1,109.7,115.8,3090,1.12,29.89,224,139890,98.763,40,6.5,13,95.89,99.34,935.08,13.26,13.85
1997/12/31,8.55,109.2,6.39,8.2796,100.4,8.64,191.9,82392.75,2009.31,,190.78,1017.76,3482.63,9099.53,93.45,16.57,8.64,288.2,98.5,98.8,98.9,1191.92,379.041,71,112.1,110.7,114.1,3240,39.81,46.69,209,140486,86.627,,,,95.19,99.13,876.66,10.1,11.76
1998/01/30,8.55,101.8,6.37,8.2796,100.3,8.64,126.76,80831.13,507.43,587.06,86.95,1310.84,3558.56,9221.14,95.77,14.98,8.64,255,98.4,98.5,98.6,1222.91,383.66,59,110.1,108.7,112.1,3155,31.65,47.53,190,140333,81.935,7.5,16.8,5.8,96.05,98.89,842.12,11.21,10.43
1998/02/27,8.55,109.5,6.59,8.2791,99.9,8.64,121.58,83087,456.92,491.21,89.93,1088.61,3339.5,9202.37,94.16,12.85,8.64,230.6,98.2,98.1,98.1,1206.53,374.406,71,106.6,105.3,108.6,3170,35.75,55.44,214,140617,96.361,9.6,7.3,12.6,96.26,98.96,959.62,16.67,15.1
1998/03/31,6.39,109,6.42,8.2792,100.7,7.92,153.77,84175.31,602.15,688.39,118.02,1020.1,3311.07,9203.78,93.76,14.13,7.92,228,98.7,98.8,98.8,1223.57,371.139,70,106.6,107,106.9,3140,42.66,55.32,212,140567,90.993,14.7,9.5,14.2,96.16,98.76,937.52,17.24,14.74
1998/04/30,6.39,107.2,6.28,8.2792,99.7,7.92,159.52,84445.81,679.11,778.74,116.86,1017.3,3360.03,9266.15,93.74,13.28,7.92,225.3,97.8,97.9,97.9,1332.99,407.941,73,105.4,104.8,106.5,3210,36.36,53.91,217,140905,91.782,10.4,6.6,17.7,95.31,98.23,971.6,16.77,17.99
1998/05/29,6.39,108,6.12,8.279,99,7.92,149.27,86166.88,772.31,632.95,112.91,998.44,3355.29,9393.61,94.14,13.13,7.92,226.5,97.3,97.3,97.3,1397.9,433.431,74,103.6,102.4,105.5,3260,37.53,55.22,207,140510,92.612,16.1,6,19.7,95.3,98.02,931.91,16.01,20.19
1998/06/30,6.39,107.9,5.9,8.2797,98.7,7.92,156.09,86895.06,990.87,856.42,118.56,972.04,3377.57,9465.76,95.69,11.65,7.92,232.6,97.4,97,96.8,1385.62,419.945,73,101,99,103.7,3200,41.93,57.71,203,140599,99.342,18.4,5.3,23.4,95.76,97.4,951.17,12.57,21.29
1998/07/31,5.22,107.6,5.89,8.2798,98.6,6.93,161.57,88581.25,804.38,818.13,119.64,1003.74,3435.55,9631.39,95.3,12.56,6.93,228.6,97.3,96.8,96.5,1317.95,397.925,73,103.1,103,103.8,3180,46.78,57.3,1001,140738,100.607,20.9,6.1,25.9,96.05,97.76,955.89,11.02,20.67
1998/08/31,5.22,107.9,5.72,8.2799,98.6,6.93,155.57,89230.81,803.78,611.04,108.79,1012.91,3504.96,9729.87,96.38,12.03,6.93,231.5,97.2,96.7,96.5,1129.72,337.543,73,103.4,105.1,102.3,3216,39.33,56.93,1033,141107,93.013,29.8,5.9,30.3,96.21,98.5,953.81,13.92,18
1998/09/30,5.22,110.2,6.15,8.279,98.5,6.93,154.76,91881.31,976.56,734.4,115.43,1052.8,3650.14,9979.45,95.1,13.92,6.93,244.3,97.1,96.7,96.5,1230.21,367.903,75,104.8,106.3,103.8,3150,30.77,56.52,1100,143700,94.105,34,5.6,32.5,96.63,99.77,1015.05,17.23,16.9
1998/10/30,5.22,110.6,6.93,8.2793,98.9,6.93,147.3,92948.31,870.57,871.8,116.53,1050.13,3678.67,10087.5,91.7,12.38,6.93,253.6,97.3,97.1,97,1225.93,371.546,78,103.8,105.4,102.7,3240,27.82,55.67,1097,144588,95.497,45.8,6.3,33.3,96.43,99.64,1003.69,17.04,13.48
1998/11/30,5.22,111,6.91,8.2792,98.8,6.93,151.28,94419.44,1045.29,824.47,123.46,1067.1,3741.45,10222.9,91.73,10.24,6.93,265.2,97.5,97.2,97.1,1245.08,375.52,81,104.8,107.1,103,3215,23.23,56.2,1069,144959,105.26,47.8,3.4,29.8,96.08,100.15,1007.22,15.48,13.9
1998/12/31,4.59,111.5,7.06,8.2791,99,6.39,200.01,95697.94,2288.81,,176.79,1120.4,3895.37,10449.9,90.93,10.06,6.39,313.1,97.5,97.3,97.3,1159.94,348.104,81,105.9,107.4,103.8,3219,14.89,43.56,1099,145090,110.143,,,,95.19,100.13,982,13.84,10.99
1999/01/29,4.59,117.9,7.32,8.279,98.8,6.39,113.93,95970.19,553.6,822.36,99.03,1199.7,3901.08,10550,90.25,10.79,6.39,266.2,97.4,97.2,97.1,1140.98,340.784,68,106.2,107.8,103.6,3224,22.78,42.75,952,146515,81.405,102,2.9,44,93.82,101.45,903.62,11.59,8.6
1999/02/26,4.59,102.1,7.14,8.278,98.7,6.39,110,97229.13,529.76,559.74,87.22,1278.4,3874.92,10777.8,91.66,10.17,6.39,253.8,97.3,97.2,97.1,1090.09,324.215,77,105.7,107.5,103,3204,5,43.7,976,146625,99.012,122.1,2.3,34.1,93.69,101.28,1018.78,17.65,10.62
1999/03/31,4.59,109,6.93,8.2787,98.2,6.39,148.78,99438.13,756.88,849.66,143.78,1134.2,3805.36,10843.8,93.14,13.93,6.39,240.3,96.9,96.8,96.7,1161.12,347.576,78,105.8,107.7,103.1,3179,9.67,42.62,996,146665,93.985,85.5,-2.3,30.2,94.04,102.02,1000.09,18.79,12.5
1999/04/30,4.59,109.1,6.93,8.2792,97.8,6.39,148.04,100214.8,794.83,943.12,138.37,1122.5,3805.27,10921.8,93.22,16.21,6.39,235.7,96.7,96.5,96.4,1091.09,327.508,88,106.6,107.9,104.5,3179,18.75,43.4,1069,146745,96.917,81.6,-2.6,28.9,95.04,102.44,1020.93,17.37,18.34
1999/05/31,4.59,108.9,6.79,8.2785,97.8,6.39,155.32,101473.5,890.57,804.7,136.57,1088.9,3800.39,11006.1,93.53,14.67,6.39,236.4,96.6,96.5,96.4,1277.15,370.393,85,107.6,108.4,106.3,3179,8.75,43.19,1073,147051,97.725,76.8,-2.4,24.3,94.93,102.2,1009.52,15.5,20.53
1999/06/30,3.24,109.1,6.85,8.278,97.9,5.85,153.98,102761.6,1118.89,1049.52,145.23,1088.1,3882.18,11136.4,93.6,16,5.85,242.9,96.5,96.6,96.6,1693.16,512.747,87,106.5,107.4,105.3,3250,34.17,41.63,1018,148737,107.123,73.6,-1.6,19.4,94.33,102.38,1023.91,13,23.92
1999/07/30,3.24,109.3,6.93,8.2777,98.6,5.85,173.39,102898.4,957.63,980.34,139.21,1119.9,3899.07,11141.4,93.58,18.8,5.85,238,97.2,97.4,97.5,1597.2,472.874,89,108.3,108.9,107.2,3159,48.79,40.99,1045,150730,107.248,67.8,-2.9,16.4,94.46,101.44,1046.86,14.08,22.13
1999/08/31,3.24,109.5,7.31,8.2773,98.7,5.85,183.25,103773.4,839.96,699.56,134.46,1139.5,4009.51,11282.7,92.05,19.96,5.85,241.1,97.3,97.4,97.5,1633.9,476.193,88,108.4,109.4,106.7,3134,33.08,42.43,1004,151511,100.364,53.2,-4.3,13.7,94.66,100.84,1060.64,17.58,20.68
1999/09/30,3.24,108.2,7.76,8.2774,99.2,5.85,185.76,105523.9,1275.63,792.73,152.68,1225.5,4191.4,11507.9,91.17,22.76,5.85,260.4,97.1,97.2,97.2,1591.432,468.771,88,108.3,109.6,106.3,3166,44.39,41.66,1027,152847,99.453,43.8,-3.6,11.6,95.46,99.93,1089.15,17.76,18.1
1999/10/29,3.24,107,7.8,8.2782,99.4,5.85,182.32,105898.8,1035.71,929.32,137.93,1215.4,4226.51,11539,91.49,20.59,5.85,274.4,97.5,97.4,97.4,1514.525,444.936,91,108.6,109.3,107.5,3234,25.68,43.36,1021,153770,100.301,33.2,-4.2,12.1,95.87,100.87,1085.53,17.67,17.11
1999/11/30,3.24,107.6,7.91,8.2782,99.1,5.85,194.77,107311.5,1118.33,860.7,169.09,1248.3,4337.02,11655.9,90.76,25.31,5.85,285.9,97.3,97.2,97.1,1444.513,427.213,94,109.9,109.8,110,3214,28.16,39.5,1035,154675,110.379,22.9,-1.5,10,97.65,101.84,1123.27,17.89,15.57
1999/12/31,3.24,107.4,8.08,8.2783,99,5.85,202.39,108778.9,3315.88,,174.22,1345.55,4583.73,11989.79,90.48,24.95,5.85,338.3,97.2,97,96.9,1348.821,396.334,86,109.7,109.7,109.7,3250,15.39,38.9,1007,156100,105.232,,,,97.6,102.83,1003.6,14.14,11.02
2000/01/31,3.24,108.9,7.87,8.2793,99.8,5.85,167.97,107778.8,776.57,1014.37,152.58,1609.39,4657.01,12122.04,90.67,25.6,5.85,296.3,97.8,97.9,97.9,1534.997,469.649,83,110,110,109.9,3280,13.47,38.5,924,156559,95.743,18.2,7.7,8.6,98.51,102.5,973.46,11.93,12.2
2000/02/29,3.24,112,7.53,8.2779,100.7,5.85,147.75,109962.7,718.16,714.63,134.29,1398.3,4467.92,12158.34,92.18,27.48,5.85,280.5,98.6,98.6,98.6,1704.855,526.176,98,110.4,110.2,110.3,3280,23.33,37.22,1016,156820,104.393,5,5.1,10.7,97.89,102.55,1009.28,20.89,15.04
2000/03/31,3.24,111.9,7.77,8.2786,99.8,5.85,201.46,112320.22,878.69,1017.88,178.14,1323.54,4515.85,12260.68,92.02,24.55,5.85,262.7,97.8,97.9,97.9,1791.441,561.237,102,110.6,110.7,110.2,3300,21.4,35.92,1057,156846,103.721,13.8,8.2,9.6,98.54,101.68,1019.32,21.89,17.57
2000/04/28,3.24,111.4,7.84,8.2793,99.7,5.85,205,113386.35,1087.35,1136.52,183.61,1367.55,4631.9,12412.19,92.07,23.46,5.85,257.2,97.5,97.6,97.6,1836.321,566.753,105,111.1,111.2,110.8,3250,31.39,35.9,1050,158019,109.776,14.6,9.1,9.4,98.3,101.23,1069.41,19.98,19.89
2000/05/31,3.24,111.5,7.65,8.2777,100.1,5.85,201.05,114679.66,1022.15,892.04,169.66,1307.55,4649.02,12405.33,93.77,28.38,5.85,263.7,98,98.1,98.1,1879.617,580.329,108,111.2,111.2,111.1,3295,18.92,36.91,1087,158568,109.813,14,11.4,12.4,98.82,101.41,1044.95,19.05,21.87
2000/06/30,3.24,112.2,7.8,8.2772,100.5,5.85,221.93,117443.25,1352.41,1137.55,203.01,1300.6,4802.44,12660.53,92.57,29.58,5.85,264.5,98.5,98.6,98.7,1947.481,607.634,106,111.4,111.3,111.4,3280,19.87,35.36,1072,158596,119.372,15.6,10.1,13.8,99.57,101.47,1062.94,16.13,22.15
2000/07/31,3.24,112.8,7.66,8.2793,100.5,5.85,214.79,117155.09,1048.45,1155.86,194.92,1315.65,4780.31,12632.39,93.05,25.52,5.85,259.7,98.7,98.8,98.9,2012.793,621.52,110,111.8,111.6,111.9,3205,25.41,35.07,1075,159217,117.41,13.7,10.1,14,99.25,101.67,1058.85,17.28,22.96
2000/08/31,3.24,112.8,7.66,8.2796,100.3,5.85,233.29,118127.02,1287.72,990.45,207.88,1337.87,4888.54,12779.03,93.8,31.22,5.85,263.6,98.8,98.7,98.7,2100.585,639.842,105,112.4,112.4,112.1,3220,22.58,33.59,1102,160092,107.88,14.7,9.8,14.4,98.78,101.03,1042.55,20.25,21.05
2000/09/29,3.24,112,7.75,8.2786,100,5.85,229.73,120048.33,1278.31,1018.38,207.15,1389.47,5061.69,13047.38,94.47,28.08,5.85,285.4,98.6,98.5,98.5,1889.289,583.099,108,112.5,112.6,112.4,3210,38.84,32.39,1144,161344,108.965,14.7,9,14.4,97.48,100.75,1081.85,17.8,21.91
2000/10/31,3.24,111.4,7.64,8.2786,100,5.85,228,119955.19,1080.86,1182.07,189.16,1358.95,4995.28,12952.24,95.49,30.91,5.85,302.9,98.4,98.3,98.3,1967.405,607.885,107,112.7,113,112.2,3206,5.14,31.56,1071,163911,111.436,13.8,10.5,12.2,97.26,99.94,1105.74,19.33,18.36
2000/11/30,3.24,110.6,7.58,8.2774,101.3,5.85,221.55,121868.23,1375.58,1032.32,216.41,1387.77,5078.75,13099.41,95.98,30.58,5.85,310.8,99.5,99.4,99.4,2079.396,642.328,107,112.9,113.2,112.7,3212,5.72,30.19,1073,165574,119.4,8,9,10.1,96.33,99.66,1159.64,19.82,16.09
2000/12/29,3.24,110.4,7.35,8.2772,101.5,5.85,219.86,123804.35,3980.25,,214.14,1465.27,5314.72,13461.03,96.04,21.47,5.85,368,99.7,99.6,99.5,2053.704,629.895,99,113.2,113.5,112.8,3220,13.81,28.41,1024,168623,103.698,,,,97.88,99.78,1110.33,14.63,13.71
2001/01/31,3.24,102.3,7.06,8.2771,101.2,5.85,169.26,124987.67,827.28,1298.76,155.45,1701.9,5440.62,13754.36,96.39,25.14,5.85,333.3,99.8,99.5,99.3,2065.606,626.175,96,112.9,113.2,112.6,3330,9.73,29.9,1004,174773,105.45,-3.2,9.3,24.3,98.22,100.2,1027.57,18.73,13.91
2001/02/28,3.24,119,7.12,8.277,100,5.85,191.99,125502.38,950.83,992.43,182.26,1491.04,5199.77,13621.02,96.52,23.81,5.85,304.7,98.6,98.3,98.1,1959.18,585.414,117,113.2,113.4,113.1,3376,23.66,28.48,1075,175847,117.078,-0.3,8.8,19.5,98.98,100.47,1137.58,26.55,15.75
2001/03/30,3.24,112.1,6.82,8.2776,100.8,5.85,231.39,128899.71,1054.87,1243.04,207.73,1436.21,5303.34,13874.45,98.14,23.49,5.85,287.6,99.4,99.1,99,2106.874,642.047,118,113.8,113.4,114.1,3302,9.33,28.16,1104,177178,111.668,-8.8,8.8,22.2,97.88,100.54,1103.95,24.93,17.9
2001/04/30,3.24,111.5,6.7,8.2771,101.6,5.85,227.92,130930.13,1181.3,1478.78,218.59,1462.3,5326.13,13994.99,99.35,25.76,5.85,282.1,100.3,100.1,100,2115.109,635.049,118,113.4,112.8,114.1,3310,20.05,28.5,1127,179000,117.787,-11.4,10.7,23.3,97.49,100.59,1145.35,20.84,21.43
2001/05/31,3.24,110.2,6.79,8.2772,101.7,5.85,208.14,130420.46,1309.95,1157.54,188.09,1394.23,5254.3,13901.58,99.2,26.36,5.85,293,100.5,100.1,99.9,2179.699,650.64,118,113.6,113,114.5,3312,8.29,24.87,1171,180838,119.221,-11.6,11.5,24.3,96.97,100.54,1168.67,20.82,24.13
2001/06/29,3.24,110.1,6.8,8.2771,101.4,5.85,220.81,135189.54,1720.42,1303.59,212.52,1394.34,5518.74,14780.97,99.85,23.91,5.85,290.9,100.3,99.9,99.6,2219.25,658.34,119,114.5,113.7,115.6,3262,19.32,24.63,1091,184492,131.067,-10.2,12,23.8,96.42,100.69,1193.39,16.78,24.48
2001/07/31,3.24,108.1,6.65,8.2771,101.5,5.85,228.88,133699.41,1363.81,1371.39,209.56,1407.16,5350.28,14922.87,100.32,23.87,5.85,285.1,100.2,99.8,99.5,2065.728,611.507,124,113.8,112.8,115,3303,13.79,24.5,1099,190053,126.884,-8,12.8,23.8,96.31,100.83,1188.7,18.78,24.37
2001/08/31,3.24,108.1,6.84,8.277,101,5.85,235.4,137138.4,1467.23,1163.74,221.62,1437.01,5580.89,14994.18,98.61,24.67,5.85,288.9,99.5,98.8,98.4,1843.385,552.449,119,113.5,112.7,114.6,3288,21.39,24.73,1127,195764,118.85,-6.3,13.5,22,96.17,100.97,1189.61,23.92,21.5
2001/09/28,3.24,109.5,6.99,8.2768,99.9,5.85,239.89,139115.23,1603.94,1203.75,218.51,1506.46,5682.31,15182.02,98.02,20.99,5.85,313.7,99.4,98.7,98.3,1764.867,512.968,121,113.4,112.4,114.6,3313,38.89,24.63,1178,203029,118.04,-5.5,13,21,96.11,101.01,1266.79,20.34,20.42
2001/10/31,3.24,108.8,6.8,8.2768,100.2,5.85,227.91,140065.9,1223.45,1422.53,189.02,1448.46,5611.49,15149.73,98.69,19.18,5.85,334.7,99.6,99.2,98.9,1677.878,484.23,122,113.1,112,114.5,3316,31.55,16.33,1182,208315,120.195,-5.3,11.4,20.1,96.03,101.27,1287.19,21.12,20.01
2001/11/30,3.24,107.9,6.76,8.2769,99.7,5.85,240,140286.55,1801.41,1218.89,208.45,1478.01,5657.96,15408.83,99.18,17.61,5.85,342.2,98.7,98.3,98.1,1735,502.188,123,113.3,112.2,114.6,3272,21.12,51.38,1521,212165,131.311,-2,7.8,17.6,96.43,101.59,1435.07,20.25,17.79
2001/12/31,3.24,108.7,6.46,8.277,99.7,5.85,245.03,143617.17,4398.09,,223.9,1568.88,5987.16,15830.19,100.07,18.97,5.85,403.3,98.6,98.2,98,1636.782,474.427,122,113.1,111.9,114.7,3365,27.33,45.98,1123,217400,131.673,,,,96.33,101.4,1367.76,20.96,14.12
2002/01/31,3.24,118.6,6.23,8.2767,99,5.85,217.03,143388.45,1040.57,1443.63,189.7,1672.59,6057.61,15963.93,101.44,18.72,5.85,359.6,98.4,98,97.8,1359.549,377.135,111,113.3,112.3,114.6,3330,32.19,45.98,1024,223531,101.041,35.6,16.5,27.7,96.48,101.51,1308.88,17.9,12.95
2002/02/28,2.7,102.7,6.19,8.2766,100,5.31,191.37,144349.17,1124.2,933.03,159.18,1664.16,5870.29,16093.56,101.92,20.03,5.31,332.4,99.3,98.9,98.7,1524.701,434.266,132,113.4,112,115.1,3350,13.34,45.78,1130,227605,124.097,11.7,24.9,27.4,96.92,101.45,1457.4,30.36,14.96
2002/03/29,2.7,110.9,6.3,8.277,99.2,5.31,238.18,147209.94,1346.58,1246.21,224.84,1554.46,5947.48,16406.46,101.35,24.36,5.31,311.5,98.8,98.2,97.9,1650.673,480.644,136,113.3,111.7,115.1,3333,9.72,45.78,1163,233824,124.965,21.7,28.5,26.7,97.98,101.6,1432.33,34.49,17.99
2002/04/30,2.7,112.1,6.31,8.2772,98.7,5.31,267.24,150603.98,1488.05,1676.13,257.52,1586.42,6046.13,16457.06,100.98,25.42,5.31,305.2,98.3,97.9,97.6,1640.589,475.535,138,113.3,112.1,115.2,3365,22.11,45.72,1200,238473,128.372,31,25.2,25.8,98.37,101.56,1512.17,33.56,23.12
2002/05/31,2.7,112.9,6.58,8.2769,98.9,5.31,246.44,153258.07,1334.99,1366.86,224.33,1524.31,6124.69,16602.3,98.94,23.82,5.31,320.2,98.6,98.2,98,1558.524,460.159,137,113.5,112.2,115.6,3415,29.19,44.6,1163,242763,135.476,25.6,25.3,23.8,98.5,101.9,1485.85,27.55,25.92
2002/06/28,2.7,112.4,6.72,8.277,99.2,5.31,260.13,157645.11,1962.97,1416.58,230.94,1509.74,6314.4,16960.12,97.32,24.82,5.31,315.9,99.5,99.2,99.1,1732.755,506.996,140,113.5,112.1,115.6,3395,22.22,45.73,1156,246534,145.804,26.6,26,23.2,98.4,102.14,1518.98,24.73,26.87
2002/07/31,2.7,112.8,7.01,8.2768,99.1,5.31,292.1,158780.22,1682.22,1618.11,269.88,1535.77,6348.78,17085.11,95.22,24.79,5.31,309.7,99.2,98.9,98.8,1657.499,487.423,143,113.5,111.9,115.7,3490,22.33,45.78,1177,253090,145.599,30.5,25.7,23.2,99.2,102.43,1539.44,25.6,27.9
2002/08/30,2.7,112.7,6.96,8.2767,99.3,5.31,294.37,161671.05,1607.45,1253.84,272.05,1571.26,6486.88,17325.09,95.95,26.27,5.31,314.4,99.3,98.9,98.7,1676.77,494.304,142,113.5,112,115.8,3430,21.17,45.45,1180,258630,142.655,32.9,25.4,23.4,99.65,102.43,1522.14,32.54,23.73
2002/09/30,2.7,113.8,6.85,8.277,99.3,5.31,319.11,165674.85,1910.52,1396.48,297.94,1623.36,6679.98,17698.52,96.34,28.22,5.31,342.2,99.3,99,98.8,1581.618,462.65,144,113.6,112.2,115.8,3447,47.49,90.49,1210,265539,138.519,35.5,26,22.7,100.36,102.66,1566.39,31.86,22.1
2002/10/31,2.7,114.2,6.66,8.2769,99.2,5.31,299.46,166454.92,1513.86,1728.57,251.97,1601.47,6710.03,17729.42,97.26,25.68,5.31,366.2,99.4,98.8,98.4,1502.716,437.328,145,113.9,112.7,115.7,3379,24.75,90.47,1224,274625,140.815,35.2,27.4,21,99.86,102.07,1597.08,32.5,19.15
2002/11/29,2.7,114.5,6.81,8.2769,99.3,5.31,312.09,168595.9,1900.02,1386.19,287.35,1634.64,6799.28,17973.63,96.51,25.28,5.31,373.3,99.5,99.1,98.9,1417.525,402.489,145,113.8,112.4,115.8,3371,31.57,90.34,1231,286407,151.412,23.5,22.9,14.4,100.51,102.33,1662.55,32.78,17.59
2002/12/31,2.7,114.9,6.81,8.2772,99.6,5.31,318.89,170917.4,5141.72,,287.33,1727.8,7088.18,18500.7,95.92,31.06,5.31,440.4,100.1,99.7,99.4,1382.971,395.681,150,114,112.9,115.8,3354,-12.6,1322.96,1184,304460,137.554,,,,101.41,102.8,1562.25,32.51,15.1
2003/01/31,2.7,114.8,6.98,8.2768,100.4,5.31,297.46,173409.17,1295.25,1903.93,310.06,2124.47,7240.57,19054.51,94.21,29.83,5.31,390.7,99.9,99.4,99.2,1500.639,426.993,135,114.1,113,116,3375,7.02,1497.76,1095,308250,125.803,-6.7,58,24.3,102.34,103,1553.4,29.52,13.16
2003/02/28,2.7,119.8,6.96,8.2773,100.2,5.31,244.54,176585.78,1097.1,1436.32,237.53,1793.72,6975.66,19010.84,94.15,32.63,5.31,370.6,100,99.7,99.5,1511.932,431.293,157,113.9,112.6,115.9,3385,-4.16,1472.21,1174,316010,145.806,6.6,50.6,23.6,101.64,102.05,1702.46,42.19,15.01
2003/03/31,2.7,116.9,6.97,8.2772,100.9,5.31,320.86,182295.33,1500.03,1587.8,325.02,1710.65,7143.88,19448.73,94.18,27.23,5.31,349.5,100.4,100.2,100,1491.941,419.147,160,103.5,100.6,107.8,3445,10.36,1639.72,1162,326291,142.719,11.6,50.3,21.9,100.6,101.05,1734.25,39.97,18.43
2003/04/30,2.7,114.9,6.91,8.2271,101,5.31,355.95,184627.83,1734.5,1946.93,345.6,1744.11,7132.12,19613.01,94.27,23.64,5.31,340.7,100.4,100.1,99.9,1537.691,425.452,160,100,96.4,105.3,3430,22.06,1892.65,1018,340061,145.397,12.4,52.7,22.9,100.57,101.32,1844.92,32.43,23.43
2003/05/30,2.7,113.7,7.06,8.2769,100.7,5.31,337.85,188954.27,1688.71,1592.41,315.79,1711.5,7277.78,19950.52,92.09,26.49,5.31,346.3,99.8,99.4,99.2,1551.811,434.068,163,103.4,100,108.7,3450,21.31,2023.11,1113,346476,151.426,16.7,51.8,24.4,100.92,101.99,1841.66,35.01,26.6
2003/06/30,2.7,116.9,6.99,8.277,100.3,5.31,344.59,194306.47,2350.25,1720.36,323.29,1695.69,7592.32,20490.74,91.94,26.55,5.31,357.7,99.2,98.7,98.5,1497.054,410.501,167,106.4,104.4,109.5,3405,15.99,2222.47,1183,356486,169.93,14.9,51,24.8,101.2,102.81,1836.51,34.14,28.09
2003/07/31,2.7,116.5,6.97,8.2773,100.5,5.31,380.91,195520.53,1815.59,1838.74,364.92,1736.21,7615.28,20619.31,92.44,27.02,5.31,356.2,99.3,98.8,98.5,1470.393,398.714,170,108.2,106.2,110.9,3425,27.88,2431.21,1224,364734,170.029,10.8,51.5,24.4,101.13,102.92,1894.61,36.76,26.56
2003/08/29,2.7,117.1,6.99,8.277,100.9,5.31,373.82,197725.62,1703.67,1297.07,345.94,1760.68,7703.3,21059.19,92.94,28.8,5.31,361,99.9,99.3,98.9,1415.693,389.598,173,108.6,106.2,112.1,3371,2.88,2626.08,1234,383863,158.457,8.5,48.9,24.3,101.12,103.28,1917.38,42.76,26.32
2003/09/30,2.7,116.3,7.25,8.2771,101.1,5.31,419.41,202869.26,2079.77,1641.55,416.52,1830.64,7916.39,21356.71,91.91,26.11,5.31,397.2,100.4,99.6,99.3,1370.843,377.381,171,109.9,107.7,113.1,3401,57.44,2276.1,1287,400992,158.109,7.3,46.5,23.5,101.17,103.32,1981.65,37.19,24.24
2003/10/31,2.7,117.2,7.58,8.2767,101.8,5.31,408.79,204076.95,1683.01,1866.1,351.35,1825.07,8026.71,21446.94,89.89,27.77,5.31,420.4,101.3,100.3,99.8,1369.325,371.997,170,110.3,108.1,113.3,3426,49.39,2186.18,1325,420361,162.46,4.7,43.8,23.8,101.68,103.58,2049.15,41.96,19.78
2003/11/28,2.7,117.9,7.58,8.2769,103,5.31,417.62,206119.57,1984.11,1505.9,368.23,1843.96,8081.49,21635.17,89.84,28.45,5.31,420.3,102.8,101.4,100.8,1397.225,371.249,173,111.2,109.1,114,3438,57.6,2226.27,1558,403251,171.058,3.9,39.4,24.5,102.37,103.72,2015.8,41.72,18.19
2003/12/31,2.7,118.1,7.68,8.277,103.2,5.31,480.63,208055.59,5717.96,,423.03,1974.6,8411.86,22122.28,88.64,29.13,5.31,473.6,103.2,101.9,101.2,1514.775,384.154,179,111.3,108.6,114.4,3440,-0.19,2024.06,1253,415720,147.969,,,,103.25,103.47,1939.16,29.87,13.9
2004/01/30,2.7,107.2,7.77,8.2769,103.2,5.31,356.98,210248.48,1368.55,2429.18,357.17,2228.74,8380.59,22510.19,87.58,29.49,5.31,456.9,103,101.7,101,1600.425,400.554,181,111.1,108.3,114.3,3474,-79.41,2250.26,1214,426639,157.048,-25.1,78.6,41,103.6,103.56,1972.43,43.69,13.87
2004/02/27,2.7,123.2,7.82,8.2771,102.1,5.31,340.59,214628.54,1361.96,1996.57,420,1989.34,8355.64,22705.07,87.33,31.13,5.31,421.1,102.3,100.9,100.1,1675.067,442.138,198,111.3,108.4,114.5,3393,-6.38,2239.69,1289,439822,170.669,0.4,66.6,37.7,103.68,103.31,2184.75,58.97,17.5
2004/03/31,3.33,119.4,7.67,8.2771,103,5.31,458.52,220563.25,1771.5,2121.25,464.9,1929.74,8581.56,23165.46,88.36,31.57,5.31,405,103.2,101.7,100.9,1734.047,454.91,199,110.8,107.8,114.3,3435,-24.39,2361.16,1329,449017,167.888,17.9,58.1,34.2,103.12,103.25,2087.54,54.41,22.51
2004/04/30,3.33,119.1,7.77,8.2769,103.8,5.31,471.07,222360.32,2099.66,2679.43,495.46,1987.84,8560.36,23362.79,88.45,33.67,5.31,400.2,104.1,102.6,101.8,1606.801,416.602,202,108,104,112,3420,18.63,2586.49,1339,458560,169.288,11.7,47.8,27.7,102.52,102.36,2105.24,44.27,27.78
2004/05/31,3.33,117.5,7.35,8.2771,104.4,5.31,448.43,225048.71,1720.93,2024.47,429.81,1904.84,8678.04,23484.24,89.89,36.01,5.31,416.6,104.8,103.3,102.5,1548.722,398.94,201,105.1,102.2,109.6,3460,16.26,2604.8,1328,470639,174.81,7.2,41.8,25,102.13,101.67,2079.76,42.79,31.89
2004/06/30,3.33,116.2,7.59,8.2767,105,5.31,505.24,229670.82,2480.26,2106.42,488.98,1901.76,8862.71,23842.75,88.98,33.07,5.31,425.1,105.5,104.1,103.4,1385.181,353.902,200,106.3,103.6,110.6,3486,19.57,2711.33,1284,482982,189.879,15,42.5,24.6,102.02,101.24,2198.79,36.41,31.93
2004/07/30,3.33,115.5,7.57,8.2767,105.3,5.31,509.34,230192.75,1935.33,2312.13,489.77,1940.91,8798.22,23812.7,88.73,37.95,5.31,420.9,105.9,104.4,103.6,1388.81,353.183,206,105.9,103,110.3,3500,45.44,2864.96,1333,496169,192.095,16.3,41.7,23.9,101.85,101.39,2335.63,38.62,33.43
2004/08/31,3.33,115.9,7.51,8.2768,105.3,5.31,513.51,232473.01,1976.45,1483.47,468.07,1951.79,8912.53,23972.92,89.1,39.05,5.31,426.3,105.9,104.4,103.6,1320.614,325.959,214,106.5,103.8,110.8,3574,49.92,3081.7,1348,514538,180.954,21.4,42.4,22.8,101.8,101.26,2375.81,44.54,32.17
2004/09/30,3.33,116.1,7.51,8.2767,105.2,5.31,558.03,235029.68,2429.94,1696.81,508.11,2052.42,9043.91,24375.69,88.9,43.54,5.31,471.8,105.8,104.3,103.4,1435.589,364.801,217,107.1,104.5,111.1,3544,70.9,3175.06,1403,542442.53,184.431,23.1,41.7,22.5,101.79,101.36,2493.68,38.87,29.67
2004/10/29,3.33,115.7,7.63,8.2765,104.3,5.58,525.24,236483.03,1917.29,2072.73,454.34,2007.83,9078.25,24374.03,88.07,43.59,5.58,498.3,104.8,103.4,102.7,1341.737,341.148,218,108.2,105.8,111.8,3533,99.44,3426.04,1420,573882,185.877,24,40.5,22.2,102.04,101.3,2503.55,44.49,25.34
2004/11/30,3.33,114.8,7.92,8.2765,102.9,5.58,609.12,239788.54,2531.82,1611.03,509.68,2020.93,9238.71,24713.56,85.92,38.89,5.58,496.6,102.9,101.9,101.4,1356.727,346.047,211,108.7,107.8,110,3566,110.76,3954.67,1570,609932,193.125,20.3,38.3,21.6,101.22,101.54,2653.34,41.71,22.27
2004/12/31,3.33,114.4,7.97,8.2765,102.4,5.58,637.84,240525.07,6893.2,,527.08,2146.83,9597.08,25320.77,84.78,34.81,5.58,556.3,102.2,101.3,100.7,1278.943,322.417,229,109.1,108.3,110.2,3561,64.71,4341.73,1420,623645.96,191.489,,,,100.64,101.62,2509.53,42.31,18.14
2005/01/31,3.33,120.9,8.02,8.2765,101.9,5.58,507.24,245368.63,1555.58,2943.78,442.53,2401.54,9707.9,25770.85,84.95,41.88,5.58,530.1,102,100.9,100.4,1213.673,304.007,200,109.6,108.9,110.6,3570,43.85,4827.11,1307,642610.3,160.106,69.9,28.3,21.8,100.04,101.71,2480.64,36.24,16.62
2005/02/28,3.33,107.6,7.91,8.2765,104,5.58,442.77,248752.1,1472.83,2032.04,398.92,2266.8,9281.5,25935.73,85.12,46.26,5.58,501.2,103.4,102.4,101.9,1306.003,328.133,229,110.1,109.9,110.5,3594,56.44,5241.92,1421,659144,194.047,39.9,27.7,23.5,100.41,102.08,2754.39,60.13,20.99
2005/03/31,3.33,115.1,7.85,8.2765,102.7,5.58,608.56,255573.32,2180.94,2273.34,552.12,2123.9,9474.32,26458.89,84.73,49.26,5.58,479.9,102.3,101.4,100.9,1200.113,302.864,240,110.5,109.7,111.6,3584,44.26,5027.74,1463,670774.13,189.206,32.9,30.3,23.1,100.67,102.49,2808.58,60.57,25.44
2005/04/29,3.33,116,7.74,8.2765,101.8,5.58,620.59,258882.32,2380.86,3090.82,576.33,2166.66,9459.37,26699.27,85.55,48.03,5.58,466.3,101.3,100.6,100.2,1169.118,287.846,242,110,109.9,110.1,3611,90.22,5027.25,1487,691011.86,192.47,27.5,32.1,22.6,101.05,102.72,2972.96,48.52,34.7
2005/05/31,3.33,116.6,7.72,8.2765,101.8,5.58,584.11,262848.38,1995.14,2291.71,493.89,2081.16,9580.2,26924.05,85.78,47.45,5.58,489.9,101.3,100.6,100.2,1051.946,260.249,239,110.4,109.6,111.5,3646,96.99,5850.09,1489,710973,200.675,20.8,35.3,21.6,101.19,102.74,2854.74,52.82,39.86
2005/06/30,3.33,116.8,7.61,8.2765,101.6,5.58,659.22,269140.58,2836.03,2517.68,562.23,2084.88,9860.13,27578.55,86.97,53.82,5.58,493.5,101.2,100.5,100.1,1108.588,270.696,242,110.1,109.6,110.9,3654,106.38,5308.95,1476,732733,217.89,17.7,35.4,21.9,101.48,102.79,2924.38,47.45,40.42
2005/07/29,3.33,116.1,7.35,8.229,101.8,5.58,655.5,270736.45,2239.26,2738.8,549.12,2117.12,9767.41,27696.63,88.59,53.13,5.58,493.5,101.3,100.8,100.5,1086.548,255.669,246,110.3,109.9,110.8,3668,106.06,5322.75,1496,753209,216.205,20,35.2,22.3,101.57,102.8,3045.63,46.13,38.98
2005/08/31,3.33,116,7.32,8.1019,101.3,5.58,683.82,275100.41,2413.27,1858.31,577.76,2135.16,9937.77,28128.82,89.11,59.76,5.58,504.1,100.7,100.3,100.2,1171.86,278.743,253,110,109.8,110.3,3623,75.54,4668.68,1517,769004,205.325,18.7,35.5,22.7,101.77,102.71,3035.71,52.89,37.4
2005/09/30,3.33,116.5,7.28,8.0922,100.9,5.58,701.32,279882.41,2876.03,2108.52,625.78,2227.29,10096.4,28743.83,89.44,57.65,5.58,549.5,100.4,100,99.9,1131.774,276.752,259,109.3,109.6,108.9,3649,119.81,4946.61,1532,784901.63,201.097,20.7,35.9,22.3,101.79,102.36,3167.29,45.76,36.53
2005/10/31,3.33,116.1,7.02,8.0889,101.2,5.58,680.45,281465.66,2187.95,2728.37,560.64,2189.3,10175.2,28759.16,90.76,53.73,5.58,584.7,100.7,100.4,100.2,1080.867,263.12,256,109.2,109.7,108.4,3621,105.34,5083.11,1543,794222.84,204.189,24.1,36.4,22.1,101.97,102.6,3047.76,56.66,29.36
2005/11/30,3.33,116.6,6.82,8.084,101.3,5.58,721.79,285504.74,3188.39,1996.07,616.45,2240.94,10412.58,29235.04,91.74,50.04,5.58,590.9,100.8,100.6,100.4,1110.823,269.511,256,110,110.5,109.5,3520,110.16,5672.79,1742,818871.7,224.659,27.5,38.4,20,101.96,102.65,3204.14,60.31,24.42
2005/12/30,3.33,116.5,6.82,8.0759,101.6,5.58,754.12,287169.52,8604,,643.96,2403.17,10727.88,29875.57,91.53,51.73,5.58,685,101.2,100.9,100.8,1157.034,278.25,265,110.3,110.4,110.1,3670,96.51,5534.71,1507.4,845179.99,206.339,,,,101.74,103.08,3016.64,54.89,25.01
2006/01/31,3.33,,7,8.07,101.9,5.58,651.44,291436.87,2227.88,3660.28,554.93,2931.04,10725.07,30357.17,89.98,60.22,5.58,664.2,101.3,101,100.9,1258.046,307.108,236.4,109.2,110.5,108,3662,25.33,7410.51,1400.7,853671.79,196.201,34.5,28.8,25,101.54,103.09,2946.21,57.71,23.84
2006/02/28,3.33,120.1,6.83,8.05,100.9,5.58,541.07,297671.93,1559.67,2370.63,515.74,2448.2,10435.71,30451.63,90.62,56.01,5.58,600.2,100.7,100.4,100.3,1299.03,315.295,274.1,109.9,111.4,107.5,3710,111.75,6579.43,1559.4,875069.52,216.162,47.1,32.7,27.5,101.55,103.03,3288.9,79.17,26.17
2006/03/31,3.33,117.8,6.85,8.035,100.8,5.58,780.17,305532.64,2504.1,2595.41,668.42,2347.2,10673.71,31049.07,90.69,59.05,5.58,579.7,100.5,100.2,100.1,1298.791,322.343,281.5,109.4,111.1,106.9,3680,103.55,6589.81,1595.4,895039.71,211.66,33.9,32.3,27.6,101.89,102.63,3371.11,72.27,29.15
2006/04/28,3.33,116.6,6.85,8.0165,101.2,5.85,768.19,310105.35,2728.52,4022.73,664.63,2415.57,10638.91,31370.23,90.09,65.54,5.85,577.5,101,100.6,100.5,1440.223,354.032,283.1,109.4,110.9,107.1,3712,129.27,6873.72,1641.9,925019.64,217.528,36.3,33.5,27.8,102.01,102.57,3593.41,61.92,36.37
2006/05/31,3.33,117.9,7.2,8.0152,101.4,5.85,730.56,314347.8,2166.3,2831.82,601.29,2346.53,10921.92,31670.98,88.04,65.1,5.85,617.6,101.2,101,100.8,1613.894,404.428,282.5,109.8,111.5,107,3700,143.84,5942.21,1627.4,941115,230.193,40.2,35,28.2,102.03,102.34,3661.88,61.28,43.66
2006/06/30,3.33,119.5,6.99,8.01,101.5,5.85,812.53,318455.71,3414.62,3003.93,668.7,2346.91,11234.24,32275.64,89.21,65.89,5.85,605.8,101.4,101.3,101.3,1639.286,424.513,276.6,109.7,111.3,107.1,3716,146.19,6036.97,1617.8,954549.95,251.714,39.4,34.5,27.4,101.81,102.28,3609.06,53.09,44.13
2006/07/31,3.33,116.7,6.91,7.99,101,5.85,803.25,319860.35,2524.77,3612.68,657.06,2375.26,11265.3,32401.08,89.39,68.97,5.85,601.2,101,100.7,100.6,1662.031,422.804,292,110.2,111.9,107.6,3660,188.65,6313.05,1646.1,972039.04,257.049,38.2,32,26.8,101.63,102.22,3670.02,53.41,37.47
2006/08/31,3.33,115.7,6.88,7.97,101.3,6.12,907.62,323903.07,2604.92,2267.04,718.97,2418.54,11484.57,32788.57,89.37,66.03,6.12,607.7,101.3,100.9,100.7,1650.438,414.305,294.8,111.7,113.6,108.7,3649,152.61,6703.27,1701.1,987927.69,236.475,37,30.1,26.7,101.46,102.56,3616.18,66.3,34.35
2006/09/29,3.33,116.1,6.77,7.9368,101.5,6.12,915.53,327775.52,3426.17,2563.28,762.92,2568.74,11681.41,33186.54,90.03,57.57,6.12,655.4,101.6,101.2,101,1736.963,434.383,298.3,111.6,113.2,108.9,3650,238,6792.13,1698.3,1009626,232.43,34.9,27.6,26,101.57,102.83,3768.39,61.79,33.11
2006/10/31,3.33,114.7,6.64,7.9032,101.4,6.12,880.82,329298.14,2670.56,3377.8,642.81,2496.42,11836,33274.72,90.9,55.53,6.12,699.8,101.5,101.1,100.9,1807.175,442.203,294.3,112,113.7,109.4,3672,228.85,6629.78,1700.2,1038751,236.336,36.8,26.9,26.2,101.54,103.14,3795.73,69.19,27.19
2006/11/30,3.33,114.9,6.71,7.87,101.9,6.12,957.82,334361.41,3783.71,2364.67,728.97,2552.73,12164.5,33750.42,90.3,56.48,6.12,682.2,102.2,101.5,101.2,2038.721,476.237,282.5,113.1,114.9,110.3,3592,210.43,6483.35,2248.2,1066344,257.34,30.7,25.9,23.3,102.23,102.7,3808.06,68.71,25.45
2006/12/29,3.33,114.7,6.67,7.8087,102.8,6.12,940.18,335434.1,10811.51,,729.75,2707.26,12603.51,34560.36,89.9,56.12,6.12,749.9,103.2,102.4,102,2567.594,539.375,310.7,112.4,114.2,109.5,3811,159.14,6841.19,1720.3,1104691.78,251.24,,,,102.48,102.34,3811.9,78.7,21.66
2007/01/31,3.33,,6.46,7.7898,102.2,6.12,866.24,340137.72,1870.86,4708.05,707.09,2794.91,12848.41,35149.88,91.28,50.95,6.12,748.8,102.6,101.8,101.5,2882.558,683.979,285.2,111.8,113.6,109,3739,237.88,7893.79,1543.4,1157372.24,196.73,24.8,21,25.1,102.66,101.74,3613.5,59.7,19.97
2007/02/28,3.33,112.6,6.47,7.7546,102.7,6.12,821.25,345444.39,2543.71,2898.7,583.37,3062.79,12625.81,35865.93,91.54,56.57,6.12,701.4,102.9,101.9,101.5,2881.073,736.813,302,111,112.2,109.2,3685,69.04,8794.92,1724.6,1202031.03,247.2,20.3,27,24,102.5,102.33,4015.7,89,25.34
2007/03/30,3.33,117.6,6.58,7.739,103.3,6.39,835.83,354248.28,2874.2,3110.71,766.78,2738.8,12788.13,36409.37,91.03,61.73,6.39,668.6,103.3,102.5,102.2,3173.018,835.749,323.3,112.3,113.8,109.9,3749,166.83,7993.54,1756.8,1246565.57,247.45,29.2,27.4,24,102.47,103.01,4031.8,84,28.79
2007/04/30,3.33,117.4,6.5,7.7247,103,6.39,974.72,358746.25,3220.5,5313.85,807.89,2781.39,12767.83,36732.65,90.54,63.89,6.39,667.3,103,102.2,101.9,3759.867,1048.482,331.4,112.8,114.2,110.6,3781,224.61,9027.69,1816.8,1292670.98,256.868,35.8,28.9,23.5,102.59,103.64,4130.4,74.4,33.61
2007/05/31,3.33,118.1,6.34,7.6704,103.4,6.57,940.91,360327.13,2922.2,3741.6,716.3,2672.8,13027.58,36971.82,91.2,66.04,6.57,715.8,103.4,102.4,102,4272.109,1264.045,328,113.7,115.2,111.3,3826,269.16,9095.06,1876,1332624.71,271.559,37.5,29,24.6,102.62,104.11,4212.1,75.9,45.91
2007/06/29,3.33,119.4,6.23,7.633,104.4,6.57,1033.59,369368.29,4488.6,3761.9,764.43,2688.11,13584.74,37783.22,91.9,67.58,6.57,702.6,104.3,103.2,102.7,3914.204,1112.569,326.3,112.9,114.3,110.6,3643,243.52,9301.16,1815.7,1385199.81,291.571,46.2,28.9,24.5,102.78,104.3,4125.2,67.9,49.41
2007/07/31,3.33,118,6.23,7.5806,105.6,6.84,1077.26,370953.8,3236.6,4679.5,833.73,2732.63,13623.74,38388.49,91.59,72.22,6.84,699.8,105.8,104.4,103.8,4345.355,1246.444,328.5,113.5,115.1,110.9,3746,252.09,10104.74,1844.5,1408641.19,298.976,42.9,29.5,24.3,103.01,104.36,4158.3,66.1,52.73
2007/08/31,3.33,117.5,6.49,7.5753,106.5,7.02,1114.25,377415.93,3426.7,3197.9,862.16,2782.24,14099.33,38720.52,91.58,68.25,7.02,711.7,106.6,105.2,104.6,5194.688,1435.458,332.8,113.1,114.7,110.5,3716,240.24,10208.18,1857.4,1433611.4,276.005,41.1,29.3,24,103.32,104.32,4271.2,78.3,52.55
2007/09/28,3.33,118.9,6.54,7.5258,106.2,7.29,1122.72,382981.22,4433.1,3561.74,882.48,2903.06,14259.16,39309.89,91.31,77.43,7.29,766.8,106.2,104.9,104.3,5552.301,1532.666,325.1,112.6,114.3,109.9,3722,271.31,10105.98,1916.9,1454897.92,272.788,39.9,29.6,24.7,103.43,104.2,4292.2,75.2,43.5
2007/10/31,3.33,117.9,6.48,7.5012,106.5,7.29,1076.57,378483.74,3560.3,4942.3,805.26,2831.78,14464.93,39420.42,90.47,84.8,7.29,826.3,106.5,105.3,104.7,5589.629,1378.056,332.6,112,113.7,109.4,3727,263.46,10572.34,1898.7,1496905.83,275.473,37.6,29.7,24.4,103.6,103.45,3969.1,86.5,32.32
2007/11/30,3.33,117.3,6.68,7.4233,106.9,7.29,1175.77,385507.16,4508.2,3358.13,912.3,2898.79,14800.98,39975.79,89.98,88.08,7.29,810.5,107.2,106,105.5,4803.391,1219.981,298,113.1,114.6,110.7,3691,226.47,11505.04,2364,1528249.11,294.687,31.1,29,23.2,103.23,103.31,4131.4,84.9,27.4
2007/12/31,3.33,117.4,6.55,7.3676,106.5,7.47,1143.62,389371.11,12696.38,2347.62,917.15,3037.52,15256.01,40344.22,91.23,90.92,7.47,901.5,106.7,105.6,105.2,5261.563,1447.024,350,111.6,113.6,108.4,3744,195.27,11228.51,1850,1589810.4,283.152,,,,102.64,103.41,4056.4,84.3,24.97
2008/01/31,4.14,,6.71,7.2478,107.1,7.47,1098.08,391551.47,3014.1,6772.6,902.81,3667.32,15487.02,41781.87,91.99,87.18,7.47,907.7,107.4,106.2,105.7,4419.293,1335.96,322.3,110,111.5,107.6,3747,82.99,12245.62,1734.9,1647133.71,233.776,77,26.1,22.6,102.39,104.09,3888.4,67.2,22.89
2008/02/29,4.14,115.4,6.67,7.1601,108.7,7.47,874.19,404927.55,2682.9,3844.4,791.2,3245.45,15017.79,42103.78,92.59,94.99,7.47,835.5,109.2,108.1,107.6,4299.512,1356.606,368.8,110.3,111.9,107.8,3769,130.41,15693.84,1938.4,1682177,289.784,80.8,25.9,25.3,102.3,103.51,4486.8,106.6,27.96
2008/03/31,4.14,117.8,7.02,7.0752,108.3,7.47,1089.58,415693.1,3809.8,3902.7,959.17,3043.31,15086.75,42305.45,91.6,99.77,7.47,812.3,109.1,107.8,107.3,3580.146,1139.733,367.7,109.7,111.3,107.1,3751,166.69,15716.52,1984,1756655.14,281.432,71.6,25.9,24.9,102.94,103.02,4467.6,100.4,37.27
2008/04/30,4.14,115.7,6.83,7.0007,108.5,7.47,1190.82,422275.02,4078.4,6116.3,1024.13,3078.96,15169.49,42931.37,92.49,111.66,7.47,814.2,109.3,108.1,107.6,3474.722,1045.027,374,110,111.7,107.2,3811,199.14,16495.94,2059.8,1796960.74,293.379,66.1,25.6,25,102.93,102.42,4601.3,89.5,44.45
2008/05/30,4.14,116,6.69,6.9724,107.7,7.47,1207.29,431273.97,4024.6,5901.39,1008.16,3016.93,15334.48,43622.16,93.91,123.05,7.47,870.4,108.7,107.5,107,3459.026,1056.542,371.2,109.8,111.2,107.7,3884,209.29,16379.66,2120.5,1808828.05,293.447,69.5,26.6,26.2,102.96,101.91,4694.42,86.4,54.93
2008/06/30,4.14,116,6.45,6.8971,107.1,7.47,1213.62,438989.28,5272.2,4888.4,1004.33,3018.13,15482.02,44314.1,95.4,135.31,7.47,864.2,108.2,107.1,106.7,2748.432,795.859,365.2,110.2,111.6,108,3808,252.78,16815.6,2046.9,1845164.18,319.536,61.9,27.9,26,102.35,101.27,4488.63,75.7,60.41
2008/07/31,4.14,114.7,6.4,6.8376,106.3,7.47,1366.75,443671.53,4561.4,5323.3,1113.97,3068.72,15499.24,44636.22,95.72,123.19,7.47,862.9,107.5,106.8,106.5,2903.012,869.124,365.5,109.3,110.6,107.2,3774,293.7,18322.81,2092.5,1884152.79,316.06,63.5,28.8,25.5,101.57,100.4,4256.8,62.6,63.77
2008/08/29,4.14,112.8,6.27,6.8515,104.9,7.47,1353.88,450172.34,4035.7,3551.2,1060.18,3085.16,15688.99,44884.67,97.97,111.85,7.47,876.8,106.1,105.5,105.3,2350.143,642.308,354.4,108.9,110.1,107,3788,293.67,20320.25,2133.2,1905584.52,289.245,62.8,30.2,24.8,100.44,99.08,3961.4,79.2,57.5
2008/09/30,4.14,111.4,6.39,6.8307,104.6,7.2,1364.32,454941.53,4948.9,3792.9,1070.65,3172.49,15574.9,45289.87,100.53,97.9,7.2,944.7,105.9,105.3,105.1,2293.784,614.042,352,107.9,108.5,106.8,3850,357.86,20751.49,2115.6,1879687.56,264.501,61.8,30,24.3,98.57,97.72,3590.1,73.04,44.72
2008/10/31,4.14,108.2,6.86,6.8316,104,6.66,1284.94,458331.49,4143.2,4917.25,927.08,3131.78,15719.44,45313.33,104.32,55.9,6.66,1008.3,105.1,104.6,104.4,1771.821,483.271,330,105.2,104.6,106.1,3859,404,21209.81,1970.8,1884717.32,254.022,57.4,29.5,24.1,97.38,97.64,3518.88,71.36,47.27
2008/11/28,3.06,105.4,7.05,6.8286,102.4,5.58,1150.33,462369.19,5254,2990.38,746.33,3160.74,15782.66,45864.47,106.15,47.22,5.58,979.1,103,102.7,102.6,1871.156,539.367,330,101.8,100.9,103.2,3699,390.36,20852.48,2375,1946030.24,273.961,54.5,28,24.1,95.32,98.08,3779.2,68.6,36.54
2008/12/31,3.06,105.7,7.49,6.8424,101.2,5.31,1110.65,466203.32,16601.69,2222.89,720.3,3421.9,16621.71,47516.66,103.32,33.36,5.31,1072.9,101.8,101.4,101.3,1851.518,569.377,333.8,101.3,100.1,103,3755,392.08,18904.69,1898.6,1913456,243.35,,,,94.87,98.59,4119.3,67.4,30.39
2009/01/30,3.06,,7.54,6.8382,101,5.31,904.75,481592.11,3993.5,5639.01,512.68,4108.24,16521.43,49613.53,104.08,40.71,5.31,1075.7,101,100.7,100.5,1990.657,610.274,300.9,101,99.9,102.6,3733,49.37,17243.25,1821,1912066,244.94,100.3,24.8,26.9,94.4,98.68,4042.2,85.3,30.66
2009/02/27,2.79,111,7.41,6.8357,98.4,5.31,648.75,498100.3,3810.1,3598.26,599.38,3514.16,16614.96,50670.81,106.67,43.3,5.31,932.4,98.6,98.4,98.3,2082.852,659.065,371.8,100.3,99,102.4,3726,185,16054.13,2043.2,1953741,283.36,85,26.8,29.1,95.14,99.71,4510.08,116.9,34.84
2009/03/31,2.79,108.3,6.99,6.8341,98.8,5.31,902.67,522618.72,5007.4,3786.31,717.67,3374.64,17654.11,53062.67,107.65,50.41,5.31,931.8,98.7,98.5,98.4,2374.438,778.544,383.8,100.5,99.6,101.8,3795,131.37,14561.07,2091.7,2008879.65,271.288,82.1,27.8,31.6,95.5,100.79,4341.3,118.1,42.11
2009/04/30,2.79,107.3,6.91,6.8312,98.5,5.31,919.64,532941.05,5078.1,5313.23,788.26,3425.73,17821.36,54048.12,105.88,48.7,5.31,934.3,98.3,98.1,98,2401.438,798.304,411.5,101.2,100.3,102.4,3775,131.1,13301.79,2276.3,2089490.84,283.89,79.7,29.1,34.9,96.04,101.94,4646,114.8,53.81
2009/05/29,2.79,108.9,7.07,6.8245,98.6,5.31,887.86,546300.02,4608,5709.7,756.76,3355.95,18202.56,54826.35,103.06,61.77,5.31,1002.8,98.3,98.1,98.1,2632.93,881.767,408.01,101,100.1,102.3,3824,78.22,12852.6,2330.42,2131606.13,310.01,68.9,29,36.6,96.64,102.6,4942.5,120.4,58.55
2009/06/30,2.79,110.7,7.08,6.8332,98.3,5.31,954.8,566288.11,6405.6,5483.56,876.58,3364.1,19313.82,56891.62,101.84,69.29,5.31,994.2,97.7,97.7,97.7,2928.211,958.682,417.4,102.1,101.1,103.6,3812,103.44,12259.28,2394.6,2174617.91,334.5,62.5,27.8,36.5,97.39,103.42,5067.6,113.7,64.17
2009/07/31,2.79,110.8,7.23,6.832,98.2,5.31,1054.49,570390.73,4985.7,5934.92,951.05,3423.93,19588.93,57310.29,101.43,68.45,5.31,993.7,97.5,97.5,97.5,3438.371,1138.515,421.5,102.7,102,103.8,3853,155.1,12234.38,2466.7,2210826.88,344.32,60.4,27,37.3,98.13,104.18,5232.7,116.7,66.8
2009/08/31,2.79,112.3,7.2,6.8322,98.8,5.31,1037.25,573939.55,4737.1,4659.62,882.15,3440.66,20039.48,57669.9,100.69,71.72,5.31,1011.6,98,98,98,2860.688,974.289,414.8,102.8,102.2,103.7,3837,126.64,13204.01,2422.5,2272595.17,320.33,54.8,26.9,38.1,98.95,105.09,5071.1,137.3,56.11
2009/09/30,2.79,113.9,7.46,6.8289,99.2,5.31,1158.96,583987.21,6577.4,4932.95,1032.32,3678.79,20170.81,58540.53,99.36,64.07,5.31,1091.3,98.6,98.5,98.5,2763.525,951.267,404.2,103.2,102.6,104,3844,237.86,14308.64,2459.5,2328272,312.1,54.1,26.8,37.8,100.43,105.98,5174.7,131.1,43.59
2009/10/30,2.79,116.1,7.53,6.8275,99.5,5.31,1106.44,586884.01,4683.3,6260.09,868.58,3573.02,20754.57,58664.33,97.93,75.53,5.31,1171.8,99.1,98.7,98.6,3031.329,1067.139,394.61,103.3,103,103.8,3812,189.34,14813.49,2328.01,2388788.47,323.41,51.5,26.1,36.6,101.46,105.87,4726.2,144.2,36.47
2009/11/30,2.79,119.2,7.65,6.8274,100.6,5.31,1136.59,592719.76,6349.9,4369.61,947.25,3634.39,21249.32,59460.47,97.31,75.38,5.31,1133.9,100.4,100,99.8,3096.265,1137.654,375.8,103.9,104,103.8,3783,184.3,16203.41,2476.1,2399152.29,349.78,49.9,26.8,33,103.28,106.1,4766.4,153.8,36.01
2009/12/31,2.79,118.5,7.61,6.8279,101.9,5.31,1307.45,597741.1,19638,3834.29,1123.16,3824.7,22000.15,60622.5,97.98,74.83,5.31,1261,101.9,101.4,101.2,3188.785,1186.196,439.48,104.7,104.6,104.8,3971,143.78,13917.77,2442.7,2415221.07,339.42,,,,103.78,105.59,5253.5,162.4,30.18
2010/01/29,2.79,,7.48,6.8273,101.5,5.31,1095.45,612877.26,3465.8,7923.91,951.67,4075.86,22958.9,62560.93,98.4,71.4,5.31,1271.8,102,101.8,101.7,2994.143,1113.732,386,104.2,104.5,103.7,3940,77.69,13353.59,2170,2424590.67,269.59,8.9,21,30.9,104.34,106.08,5035.7,122.6,26
2010/02/26,2.79,112.8,7.57,6.827,102.7,5.31,945.61,622436.84,4940.2,4549.56,867.92,4286.58,22428.7,63607.23,99.66,74.6,5.31,1233.4,103,102.5,102.3,3051.943,1172.333,439.8,107.9,108.2,107.5,3973,-71.87,13158.55,2524.6,2447083.65,336.95,9.7,22.4,30,104.01,105.39,5496.8,174.8,33.92
2010/03/31,2.79,118.1,7.54,6.8264,102.4,5.31,1120.76,638090.42,5924,5229.08,1192.63,3908.06,22939.79,64994.75,99.35,76.8,5.31,1132.2,102.8,102.3,102.1,3059.715,1186.233,452.2,106.6,106.8,106.2,3953,15.98,12881.72,2581.9,2490512,331.64,16.5,21.7,29.7,103.79,104.91,5540.3,159.8,41.62
2010/04/30,2.79,117.8,7.31,6.8262,102.8,5.31,1199.43,649915.56,5575.6,7302.02,1183.45,3965.75,23390.98,65656.12,99.57,82.13,5.31,1151,103.2,102.8,102.6,2900.331,1161.548,466.7,108,108.2,107.7,4049,194.97,13330.44,2655.2,2439506,340.47,16.1,22.4,28.8,103.21,103.95,5614.3,145.8,55.87
2010/05/31,2.79,116.5,7.42,6.8274,103.1,5.31,1317.33,660756.78,5786.7,7025.36,1122.36,3865.3,23649.79,66335.14,101.75,70.62,5.31,1245.5,103.5,103.1,102.9,2655.767,1062.777,464.1,108.5,108.9,107.8,4105,201.83,12929.74,2640.4,2454275,346.66,17.8,22.3,28.4,102.51,103.25,5376.6,142.6,70.38
2010/06/30,2.79,113.7,7.51,6.8165,102.9,5.31,1373.88,674098.03,8119.2,6581.6,1172.05,3890.48,24058,67392.17,102.9,74.89,5.31,1233,103.2,102.7,102.5,2535.278,1012.911,449.8,107.8,108.6,106.4,4060,295.19,14261.89,2740.8,2538893.95,377.64,18.9,22.1,27.4,102.06,102.95,5174.3,134.2,82.68
2010/07/30,2.79,113.4,7.73,6.7775,103.3,5.31,1454.55,675706.88,5810.9,6922.69,1159.36,3954.32,24066.41,67405.15,101.44,73.26,5.31,1225.3,103.3,102.8,102.6,2633.663,1071.954,459,107.3,107.9,106.2,4104,198.46,14049.16,2772.8,2547837.71,390.33,18.6,22.2,27,101.81,102.51,5163.6,133.1,82.25
2010/08/31,2.79,113.9,7.94,6.7901,103.5,5.31,1393.21,686463.53,6413.7,5021.58,1194.75,3992.28,24434.06,68750.69,100.09,72.36,5.31,1257,103.6,103,102.8,2610.742,1128.488,446.8,104.1,104.5,103.4,4187,166.83,13770.35,2783.7,2648303,348.65,17.7,22,26.7,101.73,102.5,4794.5,163.4,75.55
2010/09/30,2.79,113.3,8,6.7462,103.6,5.31,1450.2,701024.48,8469,5401.57,1283.37,4185.44,24382.19,69647.15,99.92,74.87,5.31,1353.7,103.6,103,102.8,2611.354,1163.317,450.4,103.8,104.1,103.1,4186,268.67,13295.45,2831.7,2760899,332.88,17.2,22.3,26.4,102.14,102.27,5030.4,159.3,63.03
2010/10/29,2.79,113.1,8.19,6.6732,104.4,5.56,1360.02,702793.71,6488.3,6937.77,1091.36,4164.62,25331.32,72350,98.11,79.92,5.56,1428.5,104.5,103.9,103.6,2992.579,1292.954,473.4,102.9,103.1,102.5,4281,223.2,13661.45,2775.2,2767809,345.34,16.6,22.7,26.9,101.92,102.06,5017.3,182.1,50.72
2010/11/30,2.79,113.3,8.07,6.6558,105.1,5.56,1533.08,708784.3,10599.6,5437.22,1309.88,4225.22,25942.03,71033.9,98.85,82.34,5.56,1391.1,105.5,104.7,104.4,2871.698,1332.896,,100.4,100.6,100.1,4126,125.71,13526.85,,2847338,367.78,18.2,23.2,25.6,102.65,101.61,5152.4,195.36,47.23
2010/12/31,3.25,113.5,7.98,6.6515,104.6,5.81,1540.72,718237.93,17982,4878.29,1415.01,4462.82,26662.15,72585.18,99.98,90.08,5.81,1533,104.8,104.1,103.8,2732.99,1237.149,513.6,99.9,100,99.8,4238,56.26,6409.43,2717.9,2931674,367.21,,,,102.2,101.32,5987.11,183.5,39.84
2011/01/31,3.25,,7.99,6.6027,104.9,5.81,1506.14,712828.05,6408.82,10555.09,1449.88,5806.39,26176.5,73388.48,99.7,94.1,5.81,1524.9,104.3,103.7,103.5,2752.75,1185.684,431.9,99.6,99.6,99.5,4188,-82.35,6710.21,2490.2,2991386,310.08,6.9,24.7,25.6,102.87,101.49,5430.7,129.4,32.54
2011/02/28,3.25,114.9,7.95,6.5833,104.9,6.06,966.29,726017.64,4074.75,6339.75,1048.64,4727.02,25920.05,73613.09,99.27,108.5,6.06,1376.9,104.9,104.3,104.1,2905.053,1295.813,504,107.6,109.3,104.8,4160,-2.88,6042.58,2881.7,3044674,383.01,10.8,24.8,25.6,102.5,101.84,5941.62,192.5,41.16
2011/03/31,3.25,114.8,8.03,6.5662,105.4,6.06,1520.46,752838.4,7570,6544.01,1523.34,4484.52,26625.55,75813.09,98.73,110.37,6.06,1358.8,105.2,104.6,104.4,2984.005,1299.495,509.1,106.6,107.5,105.1,4127,113.32,6990.42,2919.9,3145843,366.38,12.6,24.6,26.5,102.79,102.11,5903.2,156.5,42.1
2011/04/29,3.25,113.4,7.85,6.5292,105.3,6.31,1555.14,756262.39,7304.45,9192.67,1441.81,4548.9,26676.69,75738.46,98.18,120.91,6.31,1364.9,105.3,104.7,104.5,2887.044,1183.696,526.1,105.8,106.6,104.6,4106,124.75,7184.19,3025.6,3165997,377.54,15.6,26.3,25.9,102.73,102.04,6024.54,142.41,51.14
2011/05/31,3.25,113.3,8.01,6.4988,105.5,6.31,1570.1,767339,8268,9264.71,1445.35,4460.28,26928.96,76340.92,98.28,110.27,6.31,1469.7,105.6,104.9,104.7,2709.947,1101.11,512,108.1,111.4,103.2,4017,222.41,7597.35,3030.7,3197490.82,396.82,20.6,27.1,24.7,102.75,102.23,5992.77,148.72,66.41
2011/06/30,3.25,115.1,8.04,6.4778,106.4,6.31,1616.71,786432.56,10809.12,8132.2,1394.3,4447.78,27466.26,78082.09,98.46,103.59,6.31,1456.4,106.6,105.8,105.6,2759.202,1151.995,523.5,105.6,111.8,96.2,3956,303.33,7463.59,3126.7,3245283,425.15,22.8,26.7,24.5,102.77,102.03,5929.7,132,69.83
2011/07/29,3.25,114,8.13,6.4614,106.5,6.56,1751.74,779731.73,6949.92,8679.61,1448.41,4518.31,27054.57,77292.37,98.26,113.36,6.56,1440.8,106.9,106.1,105.8,2708.777,1189.13,520.1,105,110.4,96.9,4027,177.12,7732.36,3167.5,3262499,426.04,23,27,23.6,102.58,101.44,5875.12,145.16,65.61
2011/08/31,3.25,113.5,8.31,6.409,106.2,6.56,1732.23,786797.56,8076.96,6172.05,1555.11,4577.53,27339.38,78085.23,98.8,107.52,6.56,1470.5,106.6,106,105.7,2612.188,1169.954,521.6,103.4,108.9,95.2,3947,143.99,7393.62,3205.6,3201683,386.06,25.5,26.9,23.4,102.26,100.69,5670.14,166.49,56.85
2011/09/30,3.25,113.8,8.31,6.3833,106.1,6.56,1694.12,794100.44,10018.55,6412.09,1550.14,4714.53,26719.32,78740.62,101.43,104.34,6.56,1586.5,106.7,106,105.8,2392.062,1032.179,523,100.5,106.3,91.8,3891,172.24,8330.86,3233.8,3273796,364.04,28.2,26.9,23.3,101.58,100.12,5467.39,160.5,50.12
2011/10/31,3.25,113.2,8.3,6.3566,105.5,6.56,1573.11,791884.98,8079.03,8342.1,1400.87,4657.94,27655.27,81682.92,102.64,109.15,6.56,1654.6,105.9,105.3,105.1,2473.41,1035.884,510.1,97,101.7,90,3978,145.78,8716.03,3178.5,3220907,371.3,28.8,27,22.4,100.81,100.3,4988.19,179.15,49.35
2011/11/30,3.25,112.4,8.17,6.3408,104.2,6.56,1743.25,795113.97,11396.18,5582.12,1597.47,4731.73,28141.64,82549.39,103.3,108.75,6.56,1612.9,104.3,104,103.9,2383.034,1020.516,488.33,100.5,105.3,93.2,3999,164.86,10038.83,3276.61,3181148,403.81,25,27.3,21.1,99.6,100.23,5216.33,182.27,44.21
2011/12/30,3.25,112.8,8.13,6.3281,104.1,6.56,1746.1,809368.33,19974.22,,1581.24,5074.85,28984.77,85159.09,104.51,107.52,6.56,1774,104.1,103.8,103.7,2170.013,849.759,527.45,103.9,109.3,95.8,4022,270.51,8682.87,2953.84,3253631.03,348.56,,,,99.37,100.93,5673.3,139.1,35.06
2012/01/31,3.25,,8.22,6.3168,104.5,6.56,1498.92,801385.32,7026.8,11501.34,1228.41,5982.07,27001.04,85589.89,104.66,111.31,6.56,,104.5,104.1,103.9,2319.118,861.153,496.82,105,110.9,96.1,3986,-319.71,8796.48,2867.24,3309657,370.17,43.9,24.9,18.5,99.11,100.76,5588.3,172.9,33.68
2012/02/29,3.25,121.3,8.04,6.3,103.2,6.56,1144.23,817398.08,6897.3,7000,1463.94,5144.88,27031.21,86717.14,103.76,122.15,6.56,3366.9,103,102.9,102.8,2451.857,969.507,554.03,100,106.6,90.2,4015,52.3,9016.72,3237.37,3304970.65,410.92,35.8,24.6,17.6,98.98,100.62,6158.1,202.4,41.31
2012/03/30,3.25,111.9,7.74,6.3081,103.6,6.56,1656.27,846931.7,10193.91,7356.47,1603.97,4959.57,27799.81,89556.55,104.75,122.25,6.56,1565,103.7,103.5,103.4,2284.881,909.58,557.22,103,108.5,94.7,4060,184.81,8447.32,3302.8,3298913,371.82,40.7,24.2,16.4,98.44,100.02,6057.5,175.8,43.83
2012/04/30,3.25,109.3,7.24,6.2966,103.4,6.56,1630.88,842275.28,7885.78,9427.74,1446.06,5019.93,27498.38,88960.4,105,117.25,6.56,1560.3,103.3,103.1,103,2396.316,940.351,572.99,104.2,108.9,97.1,4021,181.27,7625.97,3400.57,3206109,389.81,37.15,23.93,16.44,98.12,99.65,6123.4,171.5,66.55
2012/05/31,3.25,109.6,7.9,6.3062,103,6.56,1809.57,854499.67,9164.97,10535.51,1628.3,4903.97,27865.63,90004.88,105.8,105.01,6.56,1671.5,102.7,102.5,102.4,2361.367,948.418,545.87,99.3,103.2,93.3,3963,316.63,7220.72,3413.53,3240005,393.35,28.6,23.75,17.43,98,99.23,6021.3,169.5,75.28
2012/06/29,3.25,109.5,7.97,6.3178,102.2,6.31,1798.92,883068.72,12724.21,9110.57,1482.29,4928.46,28752.62,92499.12,106.64,90.92,6.31,1658.5,101.5,101.4,101.3,2195.843,909.284,546,98.2,101.5,93.3,3968,253.22,8261.13,3426.8,3239952,435.12,28.8,23.4,17.7,97.64,99.28,6169.3,148.9,91.63
2012/07/31,3.25,109.2,8,6.3235,101.8,6,1769.66,878062.3,9527.66,9076.56,1516.44,4970.58,28309.07,91907.24,106.44,102.92,6,1631.5,100.8,100.8,100.7,2128.765,876.251,539.2,99.4,103.7,93,4071,263.21,8501.13,3481.39,3272901,437.277,31.5,22.6,17.8,97.59,99.91,5870.3,158.3,94.45
2012/08/31,3.25,108.9,8.06,6.3404,102,6,1778.06,883106.28,9019.62,6618.16,1514.86,5023.51,28573.93,92489.46,105.52,110.22,6,1665.9,101.1,101,101,2073.154,856.09,569.96,100.8,104,96,4170,275.18,7695.27,3583.21,3285095,390.73,32.2,22.4,19.4,97.82,100.43,5794.6,180.4,84.27
2012/09/28,3.25,109.2,8.11,6.3395,101.9,6,1862.02,899647.06,11679.02,6783.73,1586.84,5343.35,28678.82,94368.88,104.17,109.68,6,1822.7,101,100.9,100.9,2086.169,853.825,574.5,106.1,109.3,101.2,4246,321.73,7881.28,3633.59,3287425.58,389.77,32.3,21.9,20.1,98.13,100.41,5909.6,167.7,74.1
2012/10/31,3.25,109.6,7.97,6.3144,101.7,6,1755.73,896846.62,8616.63,9381.52,1434,5146.77,29330.98,93640.43,104.26,106.37,6,1893.4,101,100.9,100.9,2066.209,840.515,562.2,105.1,109.4,98.6,4188,194.91,7288.85,3633.88,3297671.39,401.05,30.5,21.1,20.4,98.76,100.44,5747.1,184.9,56.88
2012/11/30,3.25,110.1,7.76,6.2953,102,6,1794.19,901585.93,12159.68,6760.09,1599.28,5239.21,29688.3,94483.24,105.22,106.99,6,1847.7,101.4,101.1,101.1,1973.523,750.966,,103.7,107.6,97.8,4177,310.32,8487.57,,3311589.23,432.72,32.19,20.15,20.57,98.93,100.65,5765.6,191.7,50.11
2012/12/31,3.25,110.3,7.5,6.29,102.5,6,1991.78,917554.77,20816.41,7049.31,1681.45,5465.98,30866.42,97414.88,105.08,107.87,6,2033.4,101.9,101.5,101.4,2233.252,872.964,600.01,104.5,110.1,96.1,4168,279.51,6251.79,3367.78,3410061,434.11,,,,98.78,100.83,6362.2,,45.38
2013/01/31,3.25,,7.03,6.2787,102,6,1872.8,929345.33,8367.26,12025,1593.3,6244.96,31122.86,99212.93,106.19,110.15,6,,101.7,101.3,101.1,2346.505,932.606,523.31,108.2,113.3,100.6,4122,148.01,5546.38,3014.98,3395418,323.21,37.4,15.6,25,98.09,100.26,6183,,36.63
2013/02/28,3.25,,6.73,6.2842,103.2,6,1393.09,937065.14,7737.62,7568.65,1245.07,6031.37,29610.32,99860.08,107.29,108.62,6,3781,102.6,102.1,101.9,2365.593,966.416,609.9,102.6,107.9,94.5,4158,-9.63,5507.98,3491.3,3442649,419.429,31.4,16.2,24.5,97.95,100.1,6629.6,229,47.78
2013/03/29,3.25,108.9,6.61,6.2743,102.1,6,1821.31,979300.53,10931.86,7805.55,1830.94,5546.05,31089.83,103585.84,108.85,107.23,6,1764.1,101.3,100.8,100.6,2236.302,930.14,607.33,103.7,108.1,97.1,4149,181.23,4686.61,3564.4,3534482,399.44,32.1,16.3,23.9,97.88,99.69,6565,203.2,50.25
2013/04/30,3.25,109.3,6.37,6.2471,102.4,6,1868.59,978299.69,9307.95,10168.87,1687.36,5560.72,30764.84,103255.19,109.8,100.7,6,1760,101.3,100.9,100.8,2177.912,912.618,621.87,99,102.7,93.4,4173,205.39,4712.01,3726.49,3514807.4,410.414,31.1,15.7,23.9,97.77,99.88,6703.4,192.8,65.62
2013/05/31,3.25,109.2,6.13,6.197,102.1,6,1826.85,993113.83,10265.61,11410.91,1621.46,5443.14,31020.45,104216.92,111.56,101.11,6,1888.6,101.1,100.7,100.6,2321.318,1036.409,608.37,97,100.5,91.7,4255,271.11,4375.3,3773.61,3496686,425.261,33.5,15.6,23.5,97.74,99.94,6466.4,185.2,81.48
2013/06/28,3.25,108.9,6.33,6.1718,102.7,6,1742.43,1009122.27,13103.69,10281.63,1471.32,5406.39,31349.98,105440.37,111.85,100.78,6,1882.7,101.8,101.4,101.3,1979.206,887.68,614.09,97.2,101,91.4,4040,176.48,5415.02,3799.19,3547810,479.452,32.8,16,23.1,98.12,99.96,6547.4,170.8,85.41
2013/07/31,3.25,109.7,6.18,6.1725,102.7,6,1859.31,1006548.49,9354.51,10171.42,1682.83,5441.28,31059.65,105221.23,112.77,105.1,6,1851.3,102.1,101.7,101.5,2010.85,959.992,616.68,97.8,101.6,92.1,4082,280.23,6001.68,3831.92,3553043,498.7,32,16.6,23,98.43,99.93,6627.6,179.6,84.17
2013/08/30,3.25,110.4,6.3,6.1708,102.6,6,1905.53,1014623.66,9607.61,7148.99,1625.3,5492.53,31408.59,106125.64,112.17,112.25,6,1888.6,102.1,101.6,101.4,2101.301,1016.258,614.07,99.8,103.5,94.2,4136,145.42,5727.98,3942.8,3662662,431.04,31.1,17.1,22.3,98.42,99.56,6542.2,207.3,78.3
2013/09/30,3.25,110.2,6.2,6.1588,103.1,6,1853.32,1030891.62,12856.22,7831.09,1707.9,5649.25,31233.03,107737.92,112.05,106.47,6,2065.3,102.4,101.9,101.7,2160.027,1043.741,611.83,102.9,107.5,96,4222,310.04,6340.18,4014.29,3736587,430.52,30.6,17.6,21.6,98.2,99.47,6507.9,208.5,69.43
2013/10/31,3.25,110.3,6.26,6.1393,103.2,6,1853.64,1026864.61,10507.35,10892.55,1543.61,5559.57,31950.94,107024.22,110.97,105.75,6,2149.1,102.2,101.9,101.8,2133.869,1037.849,605.99,98.9,102.7,93.3,4232,336.85,4994.62,3997.24,3789451,439.182,31.7,17.3,21.5,98.03,99.37,6087.8,228.4,58.9
2013/11/29,3.25,110,6.13,6.1372,103,6,2021.59,1032336.46,12657.53,7572.16,1684.74,5644.13,32482.19,107925.71,111.88,107.34,6,2101.2,102,101.7,101.6,2219.372,1079.882,,102.3,106.8,95.5,4228,251.21,6681,,3821315,477.963,32.5,17.4,21,98.04,99.23,6235.3,229.8,54.35
2013/12/31,3.25,109.7,5.9,6.116,102.5,6,2073.96,1043846.86,25046.79,7620.18,1822.75,5857.44,33729.11,110652.5,112.81,109.35,6,2306,101.5,101.2,101.2,2101.251,1050.853,651.86,101.1,105,95.4,4182,320.28,8192.55,3373.93,3866640.62,,,,,97.84,99.26,,,
2014/01/31,3.25,107.95,5.85,6.1043,102.5,6,2070.92,1034418.22,10153.31,13905.51,1750.64,7648.86,31490.06,112352.12,113.82,104.67,6,,101.2,101.1,101.1,2038.513,1079.843,556.1,103.1,107,97.4,4215,-224.81,8244.14,2087.3,3913739.22,383.358,20.9,13.7,20.8,97.56,99.46,,,41.76
2014/02/28,3.25,109.36,5.96,6.1128,102,6,1140.87,1054363.65,6913.39,8282.02,1365.68,6232.1,31662.51,113176.08,113.36,105.92,6,4228.1,100.7,100.8,100.8,2056.302,1090.865,663.78,107.9,112.3,101.3,4167,80.1,9348.89,3569.4,3948096.54,452.768,25.8,14.7,19.6,97.36,99.91,7024.7,236.3,53.4
2014/03/31,3.25,108.8,6.01,6.1358,102.4,6,1700.81,1091022.27,13365.77,8000.3,1620.7,5832.93,32768.37,116068.74,112.58,104.27,6,1980.1,101.1,101.2,101.3,2041.712,1044.141,658.96,104.8,107.4,100.9,4142,187.02,9482.11,3657.52,3978795.16,425.022,21.2,14.5,19.2,97.44,99.86,6883.5,220.4,61.97
2014/04/30,3.25,108.7,6.02,6.1553,101.8,6,1883.88,1084476.56,9409.81,11085.77,1696.85,5861.55,32448.25,116881.27,111.71,105.43,6,1970.1,100.8,100.8,100.8,2003.487,1007.271,643.94,102.3,105.6,97.3,4189,363.42,9157.21,3690.34,3983890.41,441.594,20.8,14,19.5,97.75,100.04,7043.4,212.5,74
2014/05/30,3.25,108.8,6.07,6.1636,102.5,6,1956.43,1098187.07,12789.84,12189.71,1593,5805.11,32783.96,118229.4,111.4,106.35,6,2125,101.7,101.6,101.6,2050.228,1063.221,646.13,104.7,108.9,98.4,4272,318.56,10049.38,3682.98,3993212.72,458.071,24.1,14.3,19.5,97.8,99.89,6929.3,203.4,87.46
2014/06/30,3.25,109.2,6.05,6.1557,102.3,6,1867.82,1136074.65,16521.98,10805.43,1549.26,5695.11,34148.75,120958.72,111.47,109.17,6,2116.6,101.6,101.6,101.6,2036.51,1086.976,633.94,104.4,108,98.9,4091,472.8,9319.91,3673.7,3966267,504.794,25.1,13.9,19.2,97.48,100.22,6832.4,185.8,113.21
2014/07/31,3.25,109,6.07,6.1569,102.3,6,2127.55,1116247.35,10256.19,11131.78,1654.75,5734.65,33134.73,119424.92,111.42,105.11,6,2077.6,101.6,101.6,101.6,2177.948,1133.833,654.82,103.8,107,99,4129,498.18,10221.94,3805.84,3968825,495.931,26.3,13.7,18.2,97.13,99.82,6891.3,184.6,117.78
2014/08/29,3.25,106.9,5.99,6.1606,102,6,2083.42,1117327.47,10203.69,7287.17,1585.23,5799.76,33202.32,119749.91,112.29,99.97,6,2113.4,101.2,101.2,101.2,2195.818,1198.708,633.46,105.4,108.4,100.9,4202,310.23,10570.46,3949.83,3887700,454.172,27.7,13.7,17.4,96.82,99.85,6754.2,215.1,114.41
2014/09/30,3.25,108,5.74,6.1528,101.6,6,2134.55,1126570.37,14025.53,8007.48,1824.32,5884.5,32722.02,120205.14,114.56,94.13,6,2304.2,100.6,100.7,100.7,2347.718,1312.603,646.7,103.4,107.2,97.8,4252,456.22,10108.32,3885,3852918.24,444.641,28.9,13.4,17.4,96.72,99.35,6751.9,219.3,96.72
2014/10/31,3.25,107.7,5.71,6.1441,101.6,6,2066.74,1124704.8,9909.78,11805.75,1610.52,5769.16,32961.77,119923.63,116.16,82.44,6,2396.7,100.7,100.6,100.6,2337.871,1333.526,642.2,105.5,109,100.3,4319,548.54,9689.67,3925.33,3847354.02,448.721,29.9,13.3,17.1,96.68,99.13,6330.3,232.7,74.59
2014/11/28,3.25,107.2,5.29,6.1432,101.4,5.6,2116.33,1131415.46,12758.58,8096.73,1567.79,5843.85,33511.41,120860.6,119.06,68.89,5.6,2347.5,100.5,100.4,100.4,2682.835,1420.319,,105.8,109.1,100.9,4315,497.79,9843.2,,3843017.94,490.218,33.9,13.2,16.8,96.01,98.55,6809.1,225.3,59.6
2014/12/31,3.25,107.9,5.14,6.1238,101.5,5.6,2273.72,1138644.64,25353.67,8560.34,1775.93,6025.95,34805.64,122837.48,121.56,56.03,5.6,2580.1,100.4,100.4,100.4,3157.603,1439.477,681.01,105.7,109,100.8,4249,600.32,12285.56,3640.76,3813413.78,,,,,95.81,98.61,,,
2015/01/30,3.25,107.45,5.2,6.1272,100.8,5.6,2002.58,1224060.36,8136.78,14278.99,1402.26,6304.05,34810.95,124271.02,123.46,44.08,5.6,,99.6,99.6,99.5,3305.738,1538.856,574.56,109.8,113,105.1,4235,606.19,12216.28,2322,3801502.51,365.385,36.3,11.5,14.8,95.05,98.44,,,47.18
2015/02/27,3.25,106.06,5.2,6.1339,101.4,5.6,1691.91,1223250.98,10728.38,8082.11,1085.72,7289.62,33443.92,125738.05,124.45,56.83,5.6,4799.3,100,99.9,99.9,3310.303,1630.051,650.8,107.1,110.3,102.3,4272,25,11612.05,3479.9,3730037.95,451.061,32.8,11,14.7,94.93,98.54,6948.3,245.1,67.63
2015/03/31,3.25,105.6,5.13,6.1506,101.4,5.35,1445.69,1248866.33,13950.11,8202.2,1414.87,6194.98,33721.05,127533.28,126.18,52.93,5.35,2272.3,100.2,100,99.9,3691.096,1935.594,654.55,107.6,110.9,102.7,4276,341.34,10137.39,3765.16,3748142,445.026,26.4,9.8,13.2,94.46,98.67,6891,209.6,70.2
2015/04/30,3.25,105.9,5.14,6.1302,101.5,5.35,1763.31,1257577,12534.5,11727.41,1421.96,6077.25,33638.82,128077.91,125.72,60.41,5.35,2238.7,100.3,100.1,100,4476.215,2208.561,670.15,109.9,113.4,104.6,4288,588.67,9397.53,3894.7,3711143,456.218,27.8,9.6,12.1,94.72,98.75,6995.3,198.4,76.7
2015/05/29,3.25,106.1,5.08,6.1143,101.2,5.1,1900.58,1289898.03,13124.15,12239.83,1311.9,5907.6,34308.59,130735.76,125.05,59.33,5.1,2419.5,100.1,99.9,99.8,4620.266,2756.926,675.1,105.54,108,101.78,4426,465.39,8836.15,3810.88,3693838,474.527,27.8,9.3,12.4,94.78,98.87,6894.6,194.9,102.84
2015/06/30,3.25,106.8,4.96,6.1161,101.4,4.85,1919.75,1318291.89,18814.02,11976.06,1454.37,5860.43,35608.29,133337.54,126.17,59.14,4.85,2428,100.3,100,100,4192.871,2502.955,664.44,104.48,106.98,100.78,4281,430.25,8745.32,3847.2,3651309.89,508.962,28.2,9,12.1,94.76,98.4,6583.6,156.2,109.84
2015/07/31,3.25,106,4.98,6.1167,101.6,4.85,1950.97,1339998.38,12732.37,12286.69,1520.72,5901.07,35312.22,135321.09,127.56,50.54,4.85,2433.9,100.5,100.2,100.1,3663.002,2111.698,662.63,104,106.8,99.7,4296,602.4,8624.94,3946.59,3557381,515.531,28.5,8.5,11.9,94.35,98.53,6694.4,162.8,104.6
2015/08/31,3.25,106.1,5.12,6.3056,102,4.6,1968.68,1340529.95,12843.51,7539.19,1366.29,5906.18,36279.37,135690.8,124.98,45.19,4.6,2489.3,100.7,100.4,100.3,3232.35,1846.826,642.64,105.6,108.5,101.1,4335,603.42,9767.81,4102.44,3514120.34,454.776,27.4,8,11.2,94.1,98.29,6611.8,195.1,107.45
2015/09/30,3.25,105.7,5.3,6.3691,101.6,4.6,2055.55,1337338.03,17798.71,8299,1452.13,6102.3,36441.69,135982.41,123.89,43.54,4.6,2527.1,100.4,100.1,100,3100.756,1737.919,636.75,103.8,106.4,99.9,4277,616.43,9438.21,4063.04,3525506.78,445.355,28.1,8,11,94.17,98.34,6612.4,219.4,99.47
2015/10/30,3.25,105.6,5,6.3486,101.3,4.35,1923.96,1343123.47,13491.42,12022.95,1307.52,5990.05,37580.64,136102.07,123.42,43.2,4.35,2827.9,100.2,100,99.9,3375.196,1998.38,631.26,104.1,106.6,100.2,4315,537.45,9740.32,4135.89,3438283.56,466.041,28.7,8.1,11,94.27,98.13,6331.5,255.1,77.62
2015/11/30,3.25,106.2,5.2,6.3666,101.5,4.35,1964.63,1357391.28,16069.43,8775.38,1427.18,6032.82,38761.83,137395.6,125.08,39.08,4.35,2793.7,100.4,100.2,100.2,3436.303,2184.113,,103.7,105.8,100.6,4293,598.94,10061.8,,3330362,491.033,31.8,8,10.6,94.3,98.41,6437.2,263.2,67.75
2015/12/31,3.25,105.9,5.31,6.4476,101.6,4.35,2241.89,1357021.61,25544.4,9462.19,1642.94,6321.66,40095.34,139227.81,123.52,31.71,4.35,2863.5,100.6,100.4,100.4,3533.779,2308.377,676,104,106.6,100.3,,632.87,17504.48,3372,3230893,,,,,94.03,98.74,,,
